id,page,system,bar_slot,role,voice_id,pitch,midi,recommended_slide_position,slide_positions,status,source_head_id
p03-s07-h3472,3,7,5,play,1,H3,59,4,4;7,omr_high_confidence,3472
p03-s07-h3476,3,7,5,play,1,H3,59,4,4;7,omr_high_confidence,3476
p03-s07-h3480,3,7,6,play,1,H3,59,4,4;7,omr_high_confidence,3480
p03-s07-h3484,3,7,6,play,1,H3,59,4,4;7,omr_high_confidence,3484
p03-s07-h3391,3,7,7,play,1,D4,62,1,1;4;7,omr_high_confidence,3391
p03-s07-h3351,3,7,7,play,1,E4,64,2,2;5;7,omr_high_confidence,3351
p03-s07-h3437,3,7,7,play,1,C4,60,3,3;6,omr_high_confidence,3437
p03-s08-h3655,3,8,1,play,1,D4,62,1,1;4;7,omr_high_confidence,3655
p03-s08-h3629,3,8,1,play,1,E4,64,2,2;5;7,omr_high_confidence,3629
p03-s08-h3697,3,8,1,play,1,C4,60,3,3;6,omr_high_confidence,3697
p03-s08-h3659,3,8,2,play,1,D4,62,1,1;4;7,omr_high_confidence,3659
p03-s08-h3635,3,8,2,play,1,Eb4,63,3,3;6,omr_high_confidence,3635
p03-s08-h3663,3,8,3,play,1,D4,62,1,1;4;7,omr_high_confidence,3663
p03-s08-h3609,3,8,3,play,1,G4,67,2,2;4;6,omr_high_confidence,3609
p03-s08-h3613,3,8,3,play,1,G4,67,2,2;4;6,omr_high_confidence,3613
p03-s08-h3625,3,8,3,play,1,F#4,66,3,3;5;7,omr_high_confidence,3625
p03-s08-h3667,3,8,4,play,1,D4,62,1,1;4;7,omr_high_confidence,3667
p03-s08-h3717,3,8,4,play,1,Bb3,58,1,1;5,omr_high_confidence,3717
p03-s08-h3647,3,8,4,play,1,Eb4,63,3,3;6,omr_high_confidence,3647
p03-s08-h3671,3,8,5,play,1,D4,62,1,1;4;7,omr_high_confidence,3671
p03-s08-h3675,3,8,5,play,1,D4,62,1,1;4;7,omr_high_confidence,3675
p03-s08-h3679,3,8,5,play,1,D4,62,1,1;4;7,omr_high_confidence,3679
p03-s08-h3727,3,8,6,play,1,H3,59,4,4;7,omr_high_confidence,3727
p03-s08-h3731,3,8,6,play,1,H3,59,4,4;7,omr_high_confidence,3731
p03-s08-h3735,3,8,7,play,1,H3,59,4,4;7,omr_high_confidence,3735
p03-s08-h3739,3,8,7,play,1,H3,59,4,4;7,omr_high_confidence,3739
p03-s08-h3743,3,8,8,play,1,H3,59,4,4;7,omr_high_confidence,3743
p03-s08-h3651,3,8,8,play,1,E4,64,2,2;5;7,omr_high_confidence,3651
p03-s08-h3713,3,8,8,play,1,C4,60,3,3;6,omr_high_confidence,3713
p03-s09-h3855,3,9,1,play,1,D4,62,1,1;4;7,omr_high_confidence,3855
p03-s09-h3841,3,9,1,play,1,E4,64,2,2;5;7,omr_high_confidence,3841
p03-s09-h3911,3,9,1,play,1,C4,60,3,3;6,omr_high_confidence,3911
p03-s09-h3865,3,9,2,play,1,D4,62,1,1;4;7,omr_high_confidence,3865
p03-s09-h3986,3,9,2,play,1,A3,57,2,2;6,omr_high_confidence,3986
p03-s09-h3956,3,9,3,play,1,H3,59,4,4;7,omr_high_confidence,3956
p03-s09-h3925,3,9,3,play,1,C4,60,3,3;6,omr_high_confidence,3925
p03-s09-h3963,3,9,4,play,1,H3,59,4,4;7,omr_high_confidence,3963
p03-s09-h3875,3,9,4,play,1,D4,62,1,1;4;7,omr_high_confidence,3875
p03-s09-h3929,3,9,4,play,1,C4,60,3,3;6,omr_high_confidence,3929
p03-s09-h3994,3,9,4,play,1,A3,57,2,2;6,omr_high_confidence,3994
p03-s09-h3969,3,9,5,play,1,H3,59,4,4;7,omr_high_confidence,3969
p03-s09-h3935,3,9,5,play,1,C4,60,3,3;6,omr_high_confidence,3935
p03-s09-h3973,3,9,5,play,1,H3,59,4,4;7,omr_high_confidence,3973
p04-s01-h1733,4,1,1,play,1,H3,59,4,4;7,omr_high_confidence,1733
p04-s01-h1737,4,1,1,play,1,H3,59,4,4;7,omr_high_confidence,1737
p04-s01-h1741,4,1,2,play,1,H3,59,4,4;7,omr_high_confidence,1741
p04-s01-h1745,4,1,2,play,1,H3,59,4,4;7,omr_high_confidence,1745
p04-s01-h1786,4,1,3,play,1,G3,55,4,4,needs_review,1786
p04-s01-h1673,4,1,3,play,1,E4,64,2,2;5;7,omr_high_confidence,1673
p04-s01-h1717,4,1,3,play,1,C4,60,3,3;6,omr_high_confidence,1717
p04-s01-h1698,4,1,4,play,1,D4,62,1,1;4;7,omr_high_confidence,1698
p04-s01-h1677,4,1,4,play,1,E4,64,2,2;5;7,omr_high_confidence,1677
p04-s01-h1723,4,1,4,play,1,C4,60,3,3;6,omr_high_confidence,1723
p04-s01-h1702,4,1,5,play,1,D4,62,1,1;4;7,omr_high_confidence,1702
p04-s01-h1683,4,1,5,play,1,Eb4,63,3,3;6,omr_high_confidence,1683
p04-s01-h1706,4,1,6,play,1,D4,62,1,1;4;7,omr_high_confidence,1706
p04-s01-h1669,4,1,6,play,1,G4,67,2,2;4;6,omr_high_confidence,1669
p04-s01-h1749,4,1,6,play,1,Bb3,58,1,1;5,omr_high_confidence,1749
p04-s01-h1763,4,1,6,play,1,A3,57,2,2;6,omr_high_confidence,1763
p04-s01-h1710,4,1,7,play,1,D4,62,1,1;4;7,omr_high_confidence,1710
p04-s01-h1753,4,1,7,play,1,Bb3,58,1,1;5,omr_high_confidence,1753
p04-s01-h1689,4,1,7,play,1,Eb4,63,3,3;6,omr_high_confidence,1689
p04-s02-h1808,4,2,1,play,1,D4,62,1,1;4;7,omr_high_confidence,1808
p04-s02-h1812,4,2,1,play,1,D4,62,1,1;4;7,omr_high_confidence,1812
p04-s02-h1816,4,2,1,play,1,D4,62,1,1;4;7,omr_high_confidence,1816
p04-s02-h1848,4,2,2,play,1,H3,59,4,4;7,omr_high_confidence,1848
p04-s02-h1852,4,2,2,play,1,H3,59,4,4;7,omr_high_confidence,1852
p04-s02-h1856,4,2,3,play,1,H3,59,4,4;7,omr_high_confidence,1856
p04-s02-h1860,4,2,3,play,1,H3,59,4,4;7,omr_high_confidence,1860
p04-s02-h1864,4,2,4,play,1,H3,59,4,4;7,omr_high_confidence,1864
p04-s02-h1800,4,2,4,play,1,E4,64,2,2;5;7,omr_high_confidence,1800
p04-s02-h1834,4,2,4,play,1,C4,60,3,3;6,omr_high_confidence,1834
p04-s02-h1820,4,2,5,play,1,D4,62,1,1;4;7,omr_high_confidence,1820
p04-s02-h1804,4,2,5,play,1,E4,64,2,2;5;7,omr_high_confidence,1804
p04-s02-h1840,4,2,5,play,1,C4,60,3,3;6,omr_high_confidence,1840
p04-s02-h1824,4,2,6,play,1,D4,62,1,1;4;7,omr_high_confidence,1824
p04-s02-h1876,4,2,6,play,1,A3,57,2,2;6,omr_high_confidence,1876
p04-s02-h1868,4,2,7,play,1,H3,59,4,4;7,omr_high_confidence,1868
p04-s02-h1844,4,2,7,play,1,C4,60,3,3;6,omr_high_confidence,1844
p04-s03-h1919,4,3,1,play,1,D4,62,1,1;4;7,omr_high_confidence,1919
p04-s03-h1923,4,3,1,play,1,D4,62,1,1;4;7,omr_high_confidence,1923
p04-s03-h1993,4,3,1,play,1,C4,60,3,3;6,omr_high_confidence,1993
p04-s03-h2029,4,3,1,play,1,A3,57,2,2;6,omr_high_confidence,2029
p04-s03-h2025,4,3,2,play,1,H3,59,4,4;7,omr_high_confidence,2025
p04-s03-h1927,4,3,2,play,1,D4,62,1,1;4;7,omr_high_confidence,1927
p04-s03-h1931,4,3,2,play,1,D4,62,1,1;4;7,omr_high_confidence,1931
p04-s03-h1935,4,3,2,play,1,D4,62,1,1;4;7,omr_high_confidence,1935
p04-s03-h1939,4,3,3,play,1,D4,62,1,1;4;7,omr_high_confidence,1939
p04-s03-h1943,4,3,3,play,1,D4,62,1,1;4;7,omr_high_confidence,1943
p04-s03-h1947,4,3,3,play,1,D4,62,1,1;4;7,omr_high_confidence,1947
p04-s03-h1949,4,3,3,play,1,D4,62,1,1;4;7,omr_high_confidence,1949
p04-s03-h1953,4,3,4,play,1,D4,62,1,1;4;7,omr_high_confidence,1953
p04-s03-h1957,4,3,4,play,1,D4,62,1,1;4;7,omr_high_confidence,1957
p04-s03-h1961,4,3,4,play,1,D4,62,1,1;4;7,omr_high_confidence,1961
p04-s03-h1965,4,3,4,play,1,D4,62,1,1;4;7,omr_high_confidence,1965
p04-s03-h1969,4,3,5,play,1,D4,62,1,1;4;7,omr_high_confidence,1969
p04-s03-h1973,4,3,5,play,1,D4,62,1,1;4;7,omr_high_confidence,1973
p04-s03-h1977,4,3,5,play,1,D4,62,1,1;4;7,omr_high_confidence,1977
p04-s03-h1981,4,3,5,play,1,D4,62,1,1;4;7,omr_high_confidence,1981
p04-s03-h1985,4,3,6,play,1,D4,62,1,1;4;7,omr_high_confidence,1985
p04-s06-h2233,4,6,1,play,1,C4,60,3,3;6,omr_high_confidence,2233
p04-s06-h2237,4,6,2,play,1,C4,60,3,3;6,omr_high_confidence,2237
p04-s06-h2195,4,6,2,play,1,Eb4,63,3,3;6,omr_high_confidence,2195
p04-s06-h2241,4,6,3,play,1,C4,60,3,3;6,omr_high_confidence,2241
p04-s06-h2201,4,6,3,play,1,Eb4,63,3,3;6,omr_high_confidence,2201
p04-s06-h2245,4,6,4,play,1,C4,60,3,3;6,omr_high_confidence,2245
p04-s06-h2249,4,6,4,play,1,C4,60,3,3;6,omr_high_confidence,2249
p04-s06-h2209,4,6,4,play,1,Eb4,63,3,3;6,omr_high_confidence,2209
p04-s06-h2213,4,6,4,play,1,Eb4,63,3,3;6,omr_high_confidence,2213
p04-s06-h2267,4,6,5,play,1,H3,59,4,4;7,omr_high_confidence,2267
p04-s06-h2219,4,6,5,play,1,D4,62,1,1;4;7,omr_high_confidence,2219
p04-s06-h2271,4,6,6,play,1,H3,59,4,4;7,omr_high_confidence,2271
p04-s06-h2225,4,6,6,play,1,D4,62,1,1;4;7,omr_high_confidence,2225
p04-s06-h2275,4,6,7,play,1,H3,59,4,4;7,omr_high_confidence,2275
p04-s06-h2229,4,6,7,play,1,D4,62,1,1;4;7,omr_high_confidence,2229
p04-s07-h2343,4,7,1,play,1,H3,59,4,4;7,omr_high_confidence,2343
p04-s07-h2347,4,7,1,play,1,H3,59,4,4;7,omr_high_confidence,2347
p04-s07-h2309,4,7,1,play,1,D4,62,1,1;4;7,omr_high_confidence,2309
p04-s07-h2313,4,7,1,play,1,D4,62,1,1;4;7,omr_high_confidence,2313
p04-s07-h2351,4,7,2,play,1,Bb3,58,1,1;5,omr_high_confidence,2351
p04-s07-h2386,4,7,2,play,1,Db4,61,2,2;5,omr_high_confidence,2386
p04-s07-h2355,4,7,3,play,1,Bb3,58,1,1;5,omr_high_confidence,2355
p04-s07-h2317,4,7,3,play,1,D4,62,1,1;4;7,omr_high_confidence,2317
p04-s07-h2359,4,7,4,play,1,Bb3,58,1,1;5,omr_high_confidence,2359
p04-s07-h2323,4,7,4,play,1,Db4,61,2,2;5,omr_high_confidence,2323
p04-s07-h2363,4,7,5,play,1,Bb3,58,1,1;5,omr_high_confidence,2363
p04-s07-h2367,4,7,5,play,1,Bb3,58,1,1;5,omr_high_confidence,2367
p04-s07-h2327,4,7,5,play,1,Db4,61,2,2;5,omr_high_confidence,2327
p04-s07-h2384,4,7,5,play,1,Db4,61,2,2;5,omr_high_confidence,2384
p04-s07-h2381,4,7,6,play,1,F3,53,1,1;6,omr_high_confidence,2381
p04-s08-h2439,4,8,7,play,1,D3,50,4,4,omr_high_confidence,2439
p04-s08-h2447,4,8,8,play,1,D#3,51,3,3,omr_high_confidence,2447
p04-s08-h2455,4,8,9,play,1,C3,48,6,6,omr_high_confidence,2455
p04-s09-h2614,4,9,1,play,1,C3,48,6,6,omr_high_confidence,2614
p04-s09-h2598,4,9,2,play,1,D#3,51,3,3,omr_high_confidence,2598
p04-s09-h2586,4,9,3,play,1,Eb3,51,3,3,omr_high_confidence,2586
p04-s09-h2610,4,9,4,play,1,D#3,51,3,3,omr_high_confidence,2610
p04-s10-h2755,4,10,6,play,1,D4,62,1,1;4;7,omr_high_confidence,2755
p04-s10-h2759,4,10,7,play,1,D4,62,1,1;4;7,omr_high_confidence,2759
p04-s10-h2781,4,10,8,play,1,C4,60,3,3;6,omr_high_confidence,2781
p04-s10-h2767,4,10,8,play,1,D4,62,1,1;4;7,omr_high_confidence,2767
p04-s10-h2747,4,10,9,play,1,E4,64,2,2;5;7,omr_high_confidence,2747
p04-s10-h2787,4,10,9,play,1,C4,60,3,3;6,omr_high_confidence,2787
p05-s04-h2128,5,4,4,play,1,H3,59,4,4;7,omr_high_confidence,2128
p05-s04-h2132,5,4,4,play,1,H3,59,4,4;7,omr_high_confidence,2132
p05-s04-h2136,5,4,5,play,1,H3,59,4,4;7,omr_high_confidence,2136
p05-s04-h2140,5,4,5,play,1,H3,59,4,4;7,omr_high_confidence,2140
p05-s04-h2061,5,4,6,play,1,E4,64,2,2;5;7,omr_high_confidence,2061
p05-s04-h2101,5,4,6,play,1,C4,60,3,3;6,omr_high_confidence,2101
p05-s04-h2087,5,4,7,play,1,D4,62,1,1;4;7,omr_high_confidence,2087
p05-s04-h2065,5,4,7,play,1,E4,64,2,2;5;7,omr_high_confidence,2065
p05-s04-h2108,5,4,7,play,1,C4,60,3,3;6,omr_high_confidence,2108
p05-s04-h2092,5,4,8,play,1,D4,62,1,1;4;7,omr_high_confidence,2092
p05-s04-h2071,5,4,8,play,1,Eb4,63,3,3;6,omr_high_confidence,2071
p05-s05-h2285,5,5,1,play,1,D4,62,1,1;4;7,omr_high_confidence,2285
p05-s05-h2257,5,5,1,play,1,G4,67,2,2;4;6,omr_high_confidence,2257
p05-s05-h2261,5,5,1,play,1,G4,67,2,2;4;6,omr_high_confidence,2261
p05-s05-h2265,5,5,1,play,1,F#4,66,3,3;5;7,omr_high_confidence,2265
p05-s05-h2289,5,5,2,play,1,D4,62,1,1;4;7,omr_high_confidence,2289
p05-s05-h2347,5,5,2,play,1,Bb3,58,1,1;5,omr_high_confidence,2347
p05-s05-h2273,5,5,2,play,1,Eb4,63,3,3;6,omr_high_confidence,2273
p05-s05-h2295,5,5,3,play,1,D4,62,1,1;4;7,omr_high_confidence,2295
p05-s05-h2299,5,5,3,play,1,D4,62,1,1;4;7,omr_high_confidence,2299
p05-s05-h2303,5,5,3,play,1,D4,62,1,1;4;7,omr_high_confidence,2303
p05-s05-h2353,5,5,4,play,1,H3,59,4,4;7,omr_high_confidence,2353
p05-s05-h2357,5,5,4,play,1,H3,59,4,4;7,omr_high_confidence,2357
p05-s05-h2361,5,5,5,play,1,H3,59,4,4;7,omr_high_confidence,2361
p05-s05-h2365,5,5,5,play,1,H3,59,4,4;7,omr_high_confidence,2365
p05-s05-h2315,5,5,6,play,1,D4,62,1,1;4;7,omr_high_confidence,2315
p05-s05-h2277,5,5,6,play,1,E4,64,2,2;5;7,omr_high_confidence,2277
p05-s05-h2337,5,5,6,play,1,C4,60,3,3;6,omr_high_confidence,2337
p05-s05-h2319,5,5,7,play,1,D4,62,1,1;4;7,omr_high_confidence,2319
p05-s05-h2281,5,5,7,play,1,E4,64,2,2;5;7,omr_high_confidence,2281
p05-s05-h2343,5,5,7,play,1,C4,60,3,3;6,omr_high_confidence,2343
p05-s06-h2417,5,6,1,play,1,D4,62,1,1;4;7,omr_high_confidence,2417
p05-s06-h2491,5,6,1,play,1,A3,57,2,2;6,omr_high_confidence,2491
p05-s06-h2463,5,6,2,play,1,H3,59,4,4;7,omr_high_confidence,2463
p05-s06-h2435,5,6,2,play,1,C4,60,3,3;6,omr_high_confidence,2435
p05-s06-h2467,5,6,3,play,1,H3,59,4,4;7,omr_high_confidence,2467
p05-s06-h2426,5,6,3,play,1,D4,62,1,1;4;7,omr_high_confidence,2426
p05-s06-h2441,5,6,3,play,1,C4,60,3,3;6,omr_high_confidence,2441
p05-s06-h2499,5,6,3,play,1,A3,57,2,2;6,omr_high_confidence,2499
p05-s06-h2471,5,6,4,play,1,H3,59,4,4;7,omr_high_confidence,2471
p05-s06-h2445,5,6,4,play,1,C4,60,3,3;6,omr_high_confidence,2445
p05-s06-h2475,5,6,4,play,1,H3,59,4,4;7,omr_high_confidence,2475
p05-s06-h2449,5,6,4,play,1,C4,60,3,3;6,omr_high_confidence,2449
p05-s06-h2479,5,6,5,play,1,H3,59,4,4;7,omr_high_confidence,2479
p05-s06-h2453,5,6,5,play,1,C4,60,3,3;6,omr_high_confidence,2453
p05-s06-h2483,5,6,5,play,1,H3,59,4,4;7,omr_high_confidence,2483
p05-s06-h2459,5,6,5,play,1,C4,60,3,3;6,omr_high_confidence,2459
p05-s06-h2487,5,6,6,play,1,H3,59,4,4;7,omr_high_confidence,2487
p05-s07-h2639,5,7,1,play,1,G3,55,4,4,omr_high_confidence,2639
p05-s07-h2605,5,7,1,play,1,H3,59,4,4;7,omr_high_confidence,2605
p05-s07-h2549,5,7,1,play,1,D4,62,1,1;4;7,omr_high_confidence,2549
p05-s07-h2553,5,7,1,play,1,D4,62,1,1;4;7,omr_high_confidence,2553
p05-s07-h2557,5,7,2,play,1,D4,62,1,1;4;7,omr_high_confidence,2557
p05-s07-h2541,5,7,2,play,1,E4,64,2,2;5;7,omr_high_confidence,2541
p05-s07-h2561,5,7,2,play,1,D4,62,1,1;4;7,omr_high_confidence,2561
p05-s07-h2565,5,7,3,play,1,D4,62,1,1;4;7,omr_high_confidence,2565
p05-s07-h2545,5,7,3,play,1,E4,64,2,2;5;7,omr_high_confidence,2545
p05-s07-h2571,5,7,3,play,1,D4,62,1,1;4;7,omr_high_confidence,2571
p05-s07-h2575,5,7,4,play,1,D4,62,1,1;4;7,omr_high_confidence,2575
p05-s07-h2593,5,7,4,play,1,C4,60,3,3;6,omr_high_confidence,2593
p05-s07-h2609,5,7,4,play,1,H3,59,4,4;7,omr_high_confidence,2609
p05-s07-h2629,5,7,4,play,1,A3,57,2,2;6,omr_high_confidence,2629
p05-s07-h2643,5,7,4,play,1,G3,55,4,4,omr_high_confidence,2643
p05-s07-h2651,5,7,4,play,1,F#3,54,5,5,omr_high_confidence,2651
p05-s07-h2655,5,7,4,play,1,E3,52,2,2;7,omr_high_confidence,2655
p05-s07-h2663,5,7,4,play,1,D3,50,4,4,omr_high_confidence,2663
p05-s07-h2613,5,7,5,play,1,H3,59,4,4;7,omr_high_confidence,2613
p05-s07-h2615,5,7,5,play,1,Bb3,58,1,1;5,omr_high_confidence,2615
p05-s07-h2597,5,7,6,play,1,C4,60,3,3;6,omr_high_confidence,2597
p05-s07-h2601,5,7,6,play,1,C4,60,3,3;6,omr_high_confidence,2601
p05-s08-h2828,5,8,1,play,1,H3,59,4,4;7,omr_high_confidence,2828
p05-s08-h2832,5,8,1,play,1,Bb3,58,1,1;5,omr_high_confidence,2832
p05-s08-h2818,5,8,2,play,1,C4,60,3,3;6,omr_high_confidence,2818
p05-s08-h2822,5,8,2,play,1,C4,60,3,3;6,omr_high_confidence,2822
p05-s08-h2683,5,8,3,play,1,G4,67,2,2;4;6,omr_high_confidence,2683
p05-s08-h2703,5,8,3,play,1,F#4,66,3,3;5;7,omr_high_confidence,2703
p05-s08-h2709,5,8,3,play,1,F4,65,1,1;4;6,omr_high_confidence,2709
p05-s08-h2755,5,8,3,play,1,E4,64,2,2;5;7,omr_high_confidence,2755
p05-s08-h2761,5,8,4,play,1,Eb4,63,3,3;6,omr_high_confidence,2761
p05-s08-h2767,5,8,4,play,1,E4,64,2,2;5;7,omr_high_confidence,2767
p05-s08-h2715,5,8,4,play,1,F4,65,1,1;4;6,omr_high_confidence,2715
p05-s08-h2721,5,8,4,play,1,F#4,66,3,3;5;7,omr_high_confidence,2721
p05-s08-h2691,5,8,5,play,1,G4,67,2,2;4;6,omr_high_confidence,2691
p05-s08-h2725,5,8,5,play,1,F#4,66,3,3;5;7,omr_high_confidence,2725
p05-s08-h2733,5,8,5,play,1,F4,65,1,1;4;6,omr_high_confidence,2733
p05-s08-h2783,5,8,5,play,1,E4,64,2,2;5;7,omr_high_confidence,2783
p05-s08-h2789,5,8,6,play,1,Eb4,63,3,3;6,omr_high_confidence,2789
p05-s08-h2793,5,8,6,play,1,E4,64,2,2;5;7,omr_high_confidence,2793
p05-s08-h2741,5,8,6,play,1,F4,65,1,1;4;6,omr_high_confidence,2741
p05-s08-h2856,5,8,6,play,1,F#4,66,3,3;5;7,omr_high_confidence,2856
p05-s08-h2699,5,8,7,play,1,G4,67,2,2;4;6,omr_high_confidence,2699
p05-s08-h2747,5,8,7,play,1,F#4,66,3,3;5;7,omr_high_confidence,2747
p05-s09-h2910,5,9,1,play,1,F4,65,1,1;4;6,omr_high_confidence,2910
p05-s09-h2932,5,9,1,play,1,E4,64,2,2;5;7,omr_high_confidence,2932
p05-s09-h2940,5,9,2,play,1,Eb4,63,3,3;6,omr_high_confidence,2940
p05-s09-h2946,5,9,2,play,1,E4,64,2,2;5;7,omr_high_confidence,2946
p05-s09-h2914,5,9,3,play,1,F4,65,1,1;4;6,omr_high_confidence,2914
p05-s09-h2926,5,9,3,play,1,F#4,66,3,3;5;7,omr_high_confidence,2926
p05-s09-h2906,5,9,4,play,1,G4,67,2,2;4;6,omr_high_confidence,2906
p05-s09-h3034,5,9,4,play,1,H3,59,4,4;7,omr_high_confidence,3034
p05-s09-h2968,5,9,5,play,1,D4,62,1,1;4;7,omr_high_confidence,2968
p05-s09-h2972,5,9,5,play,1,D4,62,1,1;4;7,omr_high_confidence,2972
p05-s09-h2978,5,9,6,play,1,D4,62,1,1;4;7,omr_high_confidence,2978
p05-s09-h3011,5,9,6,play,1,H3,59,4,4;7,omr_high_confidence,3011
p05-s09-h2982,5,9,6,play,1,D4,62,1,1;4;7,omr_high_confidence,2982
p05-s09-h2959,5,9,7,play,1,E4,64,2,2;5;7,omr_high_confidence,2959
p05-s09-h3015,5,9,7,play,1,H3,59,4,4;7,omr_high_confidence,3015
p05-s09-h2988,5,9,8,play,1,D4,62,1,1;4;7,omr_high_confidence,2988
p05-s10-h3063,5,10,1,play,1,D4,62,1,1;4;7,omr_high_confidence,3063
p05-s10-h3067,5,10,2,play,1,D4,62,1,1;4;7,omr_high_confidence,3067
p05-s10-h3072,5,10,3,play,1,D4,62,1,1;4;7,omr_high_confidence,3072
p05-s10-h3075,5,10,4,play,1,D4,62,1,1;4;7,omr_high_confidence,3075
p05-s10-h3079,5,10,4,play,1,D4,62,1,1;4;7,omr_high_confidence,3079
p05-s10-h3083,5,10,4,play,1,D4,62,1,1;4;7,omr_high_confidence,3083
p05-s10-h3087,5,10,5,play,1,D4,62,1,1;4;7,omr_high_confidence,3087
p05-s10-h3093,5,10,5,play,1,D4,62,1,1;4;7,omr_high_confidence,3093
p05-s10-h3097,5,10,6,play,1,D4,62,1,1;4;7,omr_high_confidence,3097
p05-s10-h3099,5,10,7,play,1,D4,62,1,1;4;7,omr_high_confidence,3099
p05-s10-h3103,5,10,8,play,1,D4,62,1,1;4;7,omr_high_confidence,3103
p05-s10-h3109,5,10,8,play,1,D4,62,1,1;4;7,omr_high_confidence,3109
