id,part,page,system,bar_slot,role,pitch,german_pitch,midi,recommended_slide_position,slide_positions,clef,key_fifths,omr_explicit_alter,status,x,y
p06-s01-h1930,2,6,1,1,play,G3,G3,55,4,[4],ALTO,1,,visually_checked,0.22578947368421054,0.24966657775406775
p06-s01-h1894,2,6,1,2,play,Bb3,Bb3,58,1,"[1, 5]",ALTO,1,-1,visually_checked,0.2807017543859649,0.2429981328354228
p06-s01-h1926,2,6,1,2,play,A3,A3,57,2,"[2, 6]",ALTO,1,,visually_checked,0.31280701754385964,0.24619898639637236
p06-s01-h1932,2,6,1,3,play,G3,G3,55,4,[4],ALTO,1,,visually_checked,0.3794736842105263,0.24913310216057616
p06-s01-h1934,2,6,1,4,play,G3,G3,55,4,[4],ALTO,1,,visually_checked,0.43964912280701757,0.24886636436383036
p06-s01-h1935,2,6,1,4,play,Gb3,Gb3,54,5,[5],ALTO,1,-1,visually_checked,0.4691228070175439,0.24886636436383036
p06-s01-h1908,2,6,1,5,play,F3,F3,53,1,"[1, 6]",ALTO,1,0,visually_checked,0.5182456140350877,0.25153374233128833
p06-s01-h1925,2,6,1,5,play,A3,A3,57,2,"[2, 6]",ALTO,1,,visually_checked,0.5503508771929825,0.24566551080288077
p06-s01-h1902,2,6,1,6,play,G3,G3,55,4,[4],ALTO,1,,visually_checked,0.5964912280701754,0.24859962656708456
p06-s01-h1904,2,6,1,7,play,G3,G3,55,4,[4],ALTO,1,,visually_checked,0.6757894736842105,0.24806615097359297
p06-s01-h1939,2,6,1,7,play,F3,F3,53,1,"[1, 6]",ALTO,1,0,visually_checked,0.7108771929824561,0.25126700453454254
p06-s01-h1914,2,6,1,8,play,Eb3,Eb3,51,3,[3],ALTO,1,-1,visually_checked,0.7575438596491229,0.25500133368898376
p06-s01-h1940,2,6,1,8,play,F3,F3,53,1,"[1, 6]",ALTO,1,0,visually_checked,0.7982456140350878,0.25126700453454254
p06-s01-h1928,2,6,1,9,play,G3,G3,55,4,[4],ALTO,1,,visually_checked,0.8657894736842106,0.24859962656708456
p06-s02-h2015,2,6,2,1,play,Ab3,Ab3,56,3,"[3, 7]",ALTO,1,-1,visually_checked,0.17210526315789473,0.3163510269405175
p06-s02-h1955,2,6,2,2,play,A3,A3,57,2,"[2, 6]",ALTO,1,,visually_checked,0.21912280701754386,0.315684182448653
p06-s02-h1965,2,6,2,3,play,G3,G3,55,4,[4],ALTO,1,,visually_checked,0.29578947368421055,0.31901840490797545
p06-s02-h2019,2,6,2,3,play,Ab3,Ab3,56,3,"[3, 7]",ALTO,1,-1,visually_checked,0.33228070175438595,0.3158175513470259
p06-s02-h2016,2,6,2,4,play,A3,A3,57,2,"[2, 6]",ALTO,1,0,visually_checked,0.37333333333333335,0.3155508135502801
p06-s02-h2035,2,6,2,4,play,D3,D3,50,4,[4],ALTO,1,,visually_checked,0.40280701754385967,0.3271539077087223
p06-s02-h1987,2,6,2,5,play,D3,D3,50,4,[4],ALTO,1,,visually_checked,0.44701754385964915,0.3278207522005868
p06-s02-h1981,2,6,2,5,play,Eb3,Eb3,51,3,[3],ALTO,1,-1,visually_checked,0.4803508771929825,0.32515337423312884
p06-s02-h2027,2,6,2,6,play,G3,G3,55,4,[4],ALTO,1,,visually_checked,0.5422807017543859,0.31848492931448386
p06-s02-h1967,2,6,2,7,play,G3,G3,55,4,[4],ALTO,1,,visually_checked,0.588421052631579,0.31821819151773806
p06-s02-h2029,2,6,2,7,play,F#3,F#3,54,5,[5],ALTO,1,1,visually_checked,0.6221052631578947,0.32088556948519603
p06-s02-h2025,2,6,2,8,play,G3,G3,55,4,[4],ALTO,1,,visually_checked,0.6840350877192982,0.31821819151773806
p06-s02-h1973,2,6,2,9,play,G3,G3,55,4,[4],ALTO,1,,visually_checked,0.7364912280701754,0.31821819151773806
p06-s03-h2090,2,6,3,5,play,D4,D4,62,1,"[1, 4, 7]",ALTO,1,,visually_checked,0.8126315789473684,0.3982395305414777
p06-s03-h2100,2,6,3,6,play,B3,H3,59,4,"[4, 7]",ALTO,1,,visually_checked,0.8442105263157895,0.4043744998666311
p06-s03-h2102,2,6,3,6,play,B3,H3,59,4,"[4, 7]",ALTO,1,,visually_checked,0.8719298245614036,0.4046412376633769
p06-s04-h2185,2,6,4,1,play,D4,D4,62,1,"[1, 4, 7]",ALTO,1,,visually_checked,0.1705263157894737,0.46759135769538546
p06-s04-h2221,2,6,4,1,play,B3,H3,59,4,"[4, 7]",ALTO,1,,visually_checked,0.21333333333333335,0.473459589223793
p06-s04-h2301,2,6,4,1,play,B3,H3,59,4,"[4, 7]",ALTO,1,,visually_checked,0.2501754385964912,0.473459589223793
p06-s04-h2195,2,6,4,1,play,D4,D4,62,1,"[1, 4, 7]",ALTO,1,,visually_checked,0.2729824561403509,0.46759135769538546
p06-s04-h2227,2,6,4,1,play,B3,H3,59,4,"[4, 7]",ALTO,1,,visually_checked,0.3154385964912281,0.473459589223793
p06-s04-h2233,2,6,4,1,play,B3,H3,59,4,"[4, 7]",ALTO,1,,visually_checked,0.35210526315789475,0.473459589223793
p06-s04-h2203,2,6,4,2,play,D4,D4,62,1,"[1, 4, 7]",ALTO,1,,visually_checked,0.3882456140350877,0.46759135769538546
p06-s04-h2237,2,6,4,2,play,B3,H3,59,4,"[4, 7]",ALTO,1,,visually_checked,0.43298245614035086,0.473459589223793
p06-s04-h2241,2,6,4,2,play,B3,H3,59,4,"[4, 7]",ALTO,1,,visually_checked,0.503859649122807,0.473459589223793
p06-s04-h2245,2,6,4,3,play,B3,H3,59,4,"[4, 7]",ALTO,1,,visually_checked,0.5663157894736842,0.4737263270205388
p06-s05-h2348,2,6,5,8,play,B3,H3,59,4,"[4, 7]",ALTO,1,,visually_checked,0.6778947368421052,0.5420112029874633
p06-s05-h2368,2,6,5,8,play,F#3,F#3,54,5,[5],ALTO,1,,visually_checked,0.7256140350877193,0.5510802880768205
p06-s05-h2342,2,6,5,9,play,C#4,C#4,61,2,"[2, 5]",ALTO,1,,visually_checked,0.7996491228070175,0.5390770872232595
p06-s05-h2411,2,6,5,9,play,G#3,G#3,56,3,"[3, 7]",ALTO,1,1,visually_checked,0.8543859649122807,0.5484129101093626
p06-s05-manual-594,2,6,5,,play,G#3,G#3,56,3,"[3, 7]",ALTO,1,,visually_checked,0.4342105263157895,0.5482828754334489
p06-s06-h2462,2,6,6,1,play,D#4,D#4,63,3,"[3, 6]",ALTO,1,,visually_checked,0.1687719298245614,0.6049613230194718
p06-s06-h2504,2,6,6,1,play,C#4,C#4,61,2,"[2, 5]",ALTO,1,1,visually_checked,0.1985964912280702,0.6076287009869299
p06-s06-h2444,2,6,6,1,play,E4,E4,64,2,"[2, 5, 7]",ALTO,1,,visually_checked,0.22,0.6014937316617764
p06-s06-h2469,2,6,6,1,play,D#4,D#4,63,3,"[3, 6]",ALTO,1,,visually_checked,0.24070175438596492,0.6049613230194718
p06-s06-h2436,2,6,6,2,play,G#4,G#4,68,1,"[1, 3, 5, 7]",ALTO,1,1,visually_checked,0.2805263157894737,0.5958922379301147
p06-s06-h2665,2,6,6,2,play,E4,E4,64,2,"[2, 5, 7]",ALTO,1,,visually_checked,0.30140350877192984,0.6014937316617764
p06-s06-h2543,2,6,6,2,play,C#4,C#4,61,2,"[2, 5]",ALTO,1,,visually_checked,0.3182456140350877,0.6105628167511337
p06-s06-h2596,2,6,6,2,play,F#3,F#3,54,5,[5],ALTO,1,,visually_checked,0.35017543859649125,0.6196319018404908
p06-s06-h2698,2,6,6,3,play,G#3,G#3,56,3,"[3, 7]",ALTO,1,1,visually_checked,0.38912280701754387,0.6169645238730328
p06-s06-h2600,2,6,6,3,play,F#3,F#3,54,5,[5],ALTO,1,,visually_checked,0.41017543859649125,0.6198986396372366
p06-s06-h2712,2,6,6,3,play,E3,E3,52,2,"[2, 7]",ALTO,1,,visually_checked,0.4263157894736842,0.6236329687916777
p06-s06-h2644,2,6,6,3,play,D#3,D#3,51,3,[3],ALTO,1,,visually_checked,0.4494736842105263,0.6263003467591358
p06-s06-h2727,2,6,6,3,play,C#3,C#3,49,5,[5],ALTO,1,1,visually_checked,0.4694736842105263,0.6303014137103228
p06-s06-h2604,2,6,6,3,play,F#3,F#3,54,5,[5],ALTO,1,,visually_checked,0.4849122807017544,0.6196319018404908
p06-s06-h2572,2,6,6,4,play,G#3,G#3,56,3,"[3, 7]",ALTO,1,1,visually_checked,0.5257894736842105,0.6169645238730328
p06-s06-h2452,2,6,6,4,play,E4,E4,64,2,"[2, 5, 7]",ALTO,1,,visually_checked,0.5543859649122806,0.6012269938650306
p06-s06-h2523,2,6,6,4,play,C#4,C#4,61,2,"[2, 5]",ALTO,1,,visually_checked,0.5842105263157895,0.6073619631901841
p06-s06-h2610,2,6,6,4,play,F#3,F#3,54,5,[5],ALTO,1,,visually_checked,0.6042105263157894,0.6198986396372366
p06-s06-h2582,2,6,6,5,play,G#3,G#3,56,3,"[3, 7]",ALTO,1,1,visually_checked,0.6487719298245614,0.6169645238730328
p06-s06-h2618,2,6,6,5,play,F#3,F#3,54,5,[5],ALTO,1,,visually_checked,0.6701754385964912,0.6196319018404908
p06-s06-h2636,2,6,6,5,play,E3,E3,52,2,"[2, 7]",ALTO,1,,visually_checked,0.6884210526315789,0.6233662309949319
p06-s06-h2652,2,6,6,5,play,D#3,D#3,51,3,[3],ALTO,1,1,visually_checked,0.7147368421052631,0.62603360896239
p06-s06-h2658,2,6,6,5,play,C#3,C#3,49,5,[5],ALTO,1,1,visually_checked,0.736140350877193,0.630034675913577
p06-s06-h2622,2,6,6,5,play,F#3,F#3,54,5,[5],ALTO,1,,visually_checked,0.752280701754386,0.6196319018404908
p06-s06-h2592,2,6,6,6,play,G#3,G#3,56,3,"[3, 7]",ALTO,1,,visually_checked,0.8031578947368421,0.6169645238730328
p06-s06-h2456,2,6,6,6,play,E4,E4,64,2,"[2, 5, 7]",ALTO,1,,visually_checked,0.8287719298245614,0.6014937316617764
p06-s06-h2534,2,6,6,6,play,C#4,C#4,61,2,"[2, 5]",ALTO,1,1,visually_checked,0.8571929824561404,0.6078954387836757
p06-s06-h2628,2,6,6,6,play,F#3,F#3,54,5,[5],ALTO,1,,visually_checked,0.872280701754386,0.6201653774339824
p06-s07-h2875,2,6,7,1,play,B3,H3,59,4,"[4, 7]",ALTO,1,,visually_checked,0.16982456140350877,0.6796479061082955
p06-s07-h2815,2,6,7,1,play,A#3,A#3,58,1,"[1, 5]",ALTO,1,1,visually_checked,0.22140350877192982,0.6825820218724993
p06-s07-h2801,2,6,7,1,play,B3,H3,59,4,"[4, 7]",ALTO,1,,visually_checked,0.24105263157894738,0.6796479061082955
p06-s07-h2888,2,6,7,1,play,A#3,A#3,58,1,"[1, 5]",ALTO,1,,visually_checked,0.2870175438596491,0.6825820218724993
p06-s07-h2805,2,6,7,2,play,B3,H3,59,4,"[4, 7]",ALTO,1,,visually_checked,0.3231578947368421,0.6796479061082955
p06-s07-h2811,2,6,7,2,play,B3,H3,59,4,"[4, 7]",ALTO,1,1,visually_checked,0.3968421052631579,0.6796479061082955
p06-s07-h2745,2,6,7,3,play,D#4,D#4,63,3,"[3, 6]",ALTO,1,,visually_checked,0.5189473684210526,0.6735129367831422
p06-s07-h2751,2,6,7,4,play,D#4,D#4,63,3,"[3, 6]",ALTO,1,1,visually_checked,0.5719298245614035,0.6735129367831422
p06-s07-h2757,2,6,7,4,play,D#4,D#4,63,3,"[3, 6]",ALTO,1,,visually_checked,0.6094736842105263,0.6735129367831422
p06-s07-h2761,2,6,7,4,play,D#4,D#4,63,3,"[3, 6]",ALTO,1,,visually_checked,0.624561403508772,0.6735129367831422
p06-s07-h2840,2,6,7,5,play,D#4,D#4,63,3,"[3, 6]",ALTO,1,1,visually_checked,0.6605263157894737,0.6735129367831422
p06-s07-h2769,2,6,7,5,play,D#4,D#4,63,3,"[3, 6]",ALTO,1,,visually_checked,0.6807017543859649,0.6735129367831422
p06-s07-h2773,2,6,7,5,play,D#4,D#4,63,3,"[3, 6]",ALTO,1,,visually_checked,0.6996491228070175,0.6735129367831422
p06-s07-h2777,2,6,7,5,play,D#4,D#4,63,3,"[3, 6]",ALTO,1,,visually_checked,0.7214035087719298,0.6735129367831422
p06-s07-h2842,2,6,7,6,play,D4,D4,62,1,"[1, 4, 7]",ALTO,1,,visually_checked,0.7657894736842106,0.6735129367831422
p06-s07-h2901,2,6,7,7,play,G3,G3,55,4,[4],ALTO,1,,visually_checked,0.8791228070175439,0.6860496132301948
p06-s07-manual-517,2,6,7,,play,A#3,A#3,58,1,"[1, 5]",ALTO,1,,visually_checked,0.37792397660818716,0.6827362852316173
p06-s07-manual-610,2,6,7,,play,A#3,A#3,58,1,"[1, 5]",ALTO,1,,visually_checked,0.44590643274853803,0.6827362852316173
p06-s07-manual-661,2,6,7,,play,D#4,D#4,63,3,"[3, 6]",ALTO,1,,visually_checked,0.483187134502924,0.6736140748644083
p06-s08-h2955,2,6,8,1,play,A3,A3,57,2,"[2, 6]",ALTO,1,,visually_checked,0.19789473684210526,0.751933849026407
p06-s08-h2963,2,6,8,2,play,G3,G3,55,4,[4],ALTO,1,,visually_checked,0.25666666666666665,0.7551347025873566
p06-s08-h2923,2,6,8,3,play,G3,G3,55,4,[4],ALTO,1,,visually_checked,0.30701754385964913,0.7551347025873566
p06-s08-h2967,2,6,8,3,play,Gb3,Gb3,54,5,[5],ALTO,1,-1,visually_checked,0.3389473684210526,0.7551347025873566
p06-s08-h2953,2,6,8,4,play,A3,A3,57,2,"[2, 6]",ALTO,1,,visually_checked,0.41157894736842104,0.7522005868231528
p06-s08-h2925,2,6,8,5,play,G3,G3,55,4,[4],ALTO,1,,visually_checked,0.4571929824561404,0.7554014403841024
p06-s08-h2965,2,6,8,6,play,G3,G3,55,4,[4],ALTO,1,,visually_checked,0.5336842105263158,0.7556681781808482
p06-s08-h2976,2,6,8,6,play,F3,F3,53,1,"[1, 6]",ALTO,1,0,visually_checked,0.5691228070175438,0.758602293945052
p06-s08-h2942,2,6,8,7,play,Eb3,Eb3,51,3,[3],ALTO,1,-1,visually_checked,0.618421052631579,0.762603360896239
p06-s08-h2975,2,6,8,7,play,F3,F3,53,1,"[1, 6]",ALTO,1,0,visually_checked,0.6524561403508772,0.758602293945052
p06-s08-h2961,2,6,8,8,play,G3,G3,55,4,[4],ALTO,1,,visually_checked,0.7170175438596491,0.755934915977594
p06-s08-h2954,2,6,8,10,play,A3,A3,57,2,"[2, 6]",ALTO,1,,visually_checked,0.8478947368421053,0.753267538010136
p06-s08-manual-226,2,6,8,,play,Bb3,Bb3,58,1,"[1, 5]",ALTO,1,,visually_checked,0.1652046783625731,0.7495776651551526
p06-s08-manual-520,2,6,8,,play,F3,F3,53,1,"[1, 6]",ALTO,1,,visually_checked,0.38011695906432746,0.7587267715835334
p06-s08-manual-1070,2,6,8,,play,Ab3,Ab3,56,3,"[3, 7]",ALTO,1,,visually_checked,0.7821637426900585,0.7526273672979462
p06-s09-h3057,2,6,9,1,play,G3,G3,55,4,[4],ALTO,1,,visually_checked,0.16912280701754387,0.8231528407575354
p06-s09-h3045,2,6,9,2,play,A3,A3,57,2,"[2, 6]",ALTO,1,,visually_checked,0.24982456140350878,0.8199519871965858
p06-s09-h3070,2,6,9,2,play,D3,D3,50,4,[4],ALTO,1,,visually_checked,0.2771929824561403,0.8322219258468925
p06-s09-h3071,2,6,9,3,play,D3,D3,50,4,[4],ALTO,1,,visually_checked,0.3214035087719298,0.8322219258468925
p06-s09-h3062,2,6,9,3,play,Eb3,Eb3,51,3,[3],ALTO,1,-1,visually_checked,0.35771929824561405,0.8290210722859429
p06-s09-h3055,2,6,9,4,play,G3,G3,55,4,[4],ALTO,1,,visually_checked,0.41526315789473683,0.8234195785542812
p06-s09-h2996,2,6,9,5,play,G3,G3,55,4,[4],ALTO,1,,visually_checked,0.46596491228070175,0.8231528407575354
p06-s09-h3060,2,6,9,5,play,F3,F3,53,1,"[1, 6]",ALTO,1,,visually_checked,0.49333333333333335,0.8263536943184849
p06-s09-h3053,2,6,9,6,play,G3,G3,55,4,[4],ALTO,1,,visually_checked,0.5517543859649123,0.823686316351027
p06-s09-h3000,2,6,9,7,play,G3,G3,55,4,[4],ALTO,1,,visually_checked,0.604561403508772,0.823686316351027
p06-s09-h3044,2,6,9,9,play,A3,A3,57,2,"[2, 6]",ALTO,1,,visually_checked,0.8026315789473685,0.8204854627900774
p06-s09-manual-284,2,6,9,,play,Ab3,Ab3,56,3,"[3, 7]",ALTO,1,,visually_checked,0.20760233918128654,0.8204077950198484
p07-s01-h1888,2,7,1,1,play,C#4,C#4,61,2,"[2, 5]",ALTO,1,1,visually_checked,0.17,0.13710322752734064
p07-s01-h1892,2,7,1,9,play,C4,C4,60,3,"[3, 6]",ALTO,1,-1,visually_checked,0.781578947368421,0.1403040810882902
p07-s01-h1896,2,7,1,9,play,C4,C4,60,3,"[3, 6]",ALTO,1,,visually_checked,0.8015789473684211,0.1400373432915444
p07-s01-h1900,2,7,1,9,play,C4,C4,60,3,"[3, 6]",ALTO,1,,visually_checked,0.8215789473684211,0.1400373432915444
p07-s01-h1904,2,7,1,9,play,C4,C4,60,3,"[3, 6]",ALTO,1,,visually_checked,0.8408771929824561,0.1400373432915444
p07-s02-h1969,2,7,2,1,play,C4,C4,60,3,"[3, 6]",ALTO,1,,visually_checked,0.16964912280701755,0.2117898106161643
p07-s02-h1973,2,7,2,1,play,C4,C4,60,3,"[3, 6]",ALTO,1,,visually_checked,0.18754385964912282,0.2117898106161643
p07-s02-h1977,2,7,2,1,play,C4,C4,60,3,"[3, 6]",ALTO,1,,visually_checked,0.20157894736842105,0.2117898106161643
p07-s02-h1981,2,7,2,1,play,C4,C4,60,3,"[3, 6]",ALTO,1,,visually_checked,0.22052631578947368,0.2117898106161643
p07-s02-h1985,2,7,2,2,play,C4,C4,60,3,"[3, 6]",ALTO,1,,visually_checked,0.2812280701754386,0.2120565484129101
p07-s02-h1989,2,7,2,2,play,C4,C4,60,3,"[3, 6]",ALTO,1,,visually_checked,0.3001754385964912,0.2120565484129101
p07-s02-h2042,2,7,2,2,play,C4,C4,60,3,"[3, 6]",ALTO,1,,visually_checked,0.3173684210526316,0.2120565484129101
p07-s02-h1993,2,7,2,2,play,C4,C4,60,3,"[3, 6]",ALTO,1,,visually_checked,0.33456140350877195,0.2120565484129101
p07-s02-h2033,2,7,2,3,play,E4,E4,64,2,"[2, 5, 7]",ALTO,1,0,visually_checked,0.40385964912280703,0.20645505468124833
p07-s02-h2035,2,7,2,4,play,E4,E4,64,2,"[2, 5, 7]",ALTO,1,,visually_checked,0.45017543859649123,0.20645505468124833
p07-s02-h2013,2,7,2,6,play,G3,G3,55,4,[4],ALTO,1,,visually_checked,0.5545614035087719,0.22219258468925046
p07-s02-h2017,2,7,2,6,play,G3,G3,55,4,[4],ALTO,1,,visually_checked,0.5840350877192982,0.22272606028274206
p07-s02-h2007,2,7,2,7,play,Bb3,Bb3,58,1,"[1, 5]",ALTO,1,-1,visually_checked,0.677719298245614,0.2168578287543345
p07-s02-h2011,2,7,2,7,play,A3,A3,57,2,"[2, 6]",ALTO,1,,visually_checked,0.734561403508772,0.21979194451853828
p07-s02-h2021,2,7,2,8,play,F3,F3,53,1,"[1, 6]",ALTO,1,0,visually_checked,0.8082456140350878,0.22592691384369165
p07-s02-h2025,2,7,2,8,play,Eb3,Eb3,51,3,[3],ALTO,1,-1,visually_checked,0.8498245614035088,0.22912776740464125
p07-s03-h2082,2,7,3,1,play,F3,F3,53,1,"[1, 6]",ALTO,1,0,visually_checked,0.19035087719298247,0.29741264337156575
p07-s03-h2068,2,7,3,1,play,Gb3,Gb3,54,5,[5],ALTO,1,-1,visually_checked,0.2324561403508772,0.294478527607362
p07-s03-h2112,2,7,3,2,play,D3,D3,50,4,[4],ALTO,1,,visually_checked,0.2829824561403509,0.30328087489997335
p07-s03-h2146,2,7,3,2,play,A3,A3,57,2,"[2, 6]",ALTO,1,,visually_checked,0.3173684210526316,0.29154441184315816
p07-s03-h2116,2,7,3,3,play,D3,D3,50,4,[4],ALTO,1,,visually_checked,0.37315789473684213,0.30354761269671915
p07-s03-h2060,2,7,3,4,play,Bb3,Bb3,58,1,"[1, 5]",ALTO,1,-1,visually_checked,0.4492982456140351,0.289143771672446
p07-s03-h2064,2,7,3,4,play,A3,A3,57,2,"[2, 6]",ALTO,1,,visually_checked,0.48719298245614034,0.29207788743664975
p07-s03-h2072,2,7,3,5,play,G3,G3,55,4,[4],ALTO,1,,visually_checked,0.5405263157894736,0.2955454787943452
p07-s03-h2076,2,7,3,5,play,G3,G3,55,4,[4],ALTO,1,,visually_checked,0.5773684210526315,0.29581221659109097
p07-s03-h2100,2,7,3,6,play,Eb3,Eb3,51,3,[3],ALTO,1,-1,visually_checked,0.6429824561403509,0.3022139237129901
p07-s03-h2153,2,7,3,6,play,Eb3,Eb3,51,3,[3],ALTO,1,,visually_checked,0.6798245614035088,0.3022139237129901
p07-s03-h2104,2,7,3,7,play,Eb3,Eb3,51,3,[3],ALTO,1,-1,visually_checked,0.7471929824561403,0.3022139237129901
p07-s03-h2092,2,7,3,7,play,F3,F3,53,1,"[1, 6]",ALTO,1,0,visually_checked,0.7931578947368421,0.29927980794878634
p07-s03-h2108,2,7,3,8,play,Eb3,Eb3,51,3,[3],ALTO,1,-1,visually_checked,0.8543859649122807,0.3027473993064817
p07-s04-h2203,2,7,4,1,play,Eb3,Eb3,51,3,[3],ALTO,1,-1,visually_checked,0.19701754385964912,0.375300080021339
p07-s04-h2175,2,7,4,1,play,Ab3,Ab3,56,3,"[3, 7]",ALTO,1,-1,visually_checked,0.2482456140350877,0.36543078154174446
p07-s04-h2183,2,7,4,2,play,A3,A3,57,2,"[2, 6]",ALTO,1,0,visually_checked,0.31350877192982457,0.36543078154174446
p07-s04-h2187,2,7,4,2,play,A3,A3,57,2,"[2, 6]",ALTO,1,,visually_checked,0.35526315789473684,0.36543078154174446
p07-s04-h2161,2,7,4,3,play,Bb3,Bb3,58,1,"[1, 5]",ALTO,1,-1,visually_checked,0.3949122807017544,0.3627634035742865
p07-s04-h2199,2,7,4,3,play,G3,G3,55,4,[4],ALTO,1,,visually_checked,0.43526315789473685,0.36889837289943983
p07-s04-h2191,2,7,4,3,play,A3,A3,57,2,"[2, 6]",ALTO,1,,visually_checked,0.47421052631578947,0.36596425713523606
p07-s04-h2225,2,7,4,4,play,Bb3,Bb3,58,1,"[1, 5]",ALTO,1,-1,visually_checked,0.5175438596491229,0.3630301413710323
p07-s04-h2232,2,7,4,5,play,A3,A3,57,2,"[2, 6]",ALTO,1,,visually_checked,0.5608771929824561,0.36596425713523606
p07-s04-h2165,2,7,4,5,play,B3,H3,59,4,"[4, 7]",ALTO,1,,visually_checked,0.5952631578947368,0.3632968791677781
p07-s04-h2215,2,7,4,5,play,C4,C4,60,3,"[3, 6]",ALTO,1,,visually_checked,0.6268421052631579,0.36036276340357426
p07-s04-h2223,2,7,4,6,play,B3,H3,59,4,"[4, 7]",ALTO,1,0,visually_checked,0.6789473684210526,0.3635636169645239
p07-s04-h2221,2,7,4,7,play,B3,H3,59,4,"[4, 7]",ALTO,1,,visually_checked,0.7343859649122807,0.3635636169645239
p07-s04-h2169,2,7,4,8,play,B3,H3,59,4,"[4, 7]",ALTO,1,,visually_checked,0.781578947368421,0.3635636169645239
p07-s05-h2334,2,7,5,1,play,D3,D3,50,4,[4],ALTO,1,,visually_checked,0.2319298245614035,0.46812483328887705
p07-s05-h2336,2,7,5,3,play,D3,D3,50,4,[4],ALTO,1,,visually_checked,0.3291228070175439,0.46812483328887705
p07-s05-h2321,2,7,5,5,play,F3,F3,53,1,"[1, 6]",ALTO,1,,visually_checked,0.4256140350877193,0.46252333955721525
p07-s06-h2450,2,7,6,1,play,G3,G3,55,4,[4],ALTO,1,,visually_checked,0.2787719298245614,0.5294745265404108
p07-s06-h2468,2,7,6,1,play,D3,D3,50,4,[4],ALTO,1,,visually_checked,0.32052631578947366,0.5377433982395305
p07-s06-h2426,2,7,6,2,play,A3,A3,57,2,"[2, 6]",ALTO,1,,visually_checked,0.3780701754385965,0.526540410776207
p07-s06-h2458,2,7,6,2,play,E3,E3,52,2,"[2, 7]",ALTO,1,,visually_checked,0.41842105263157897,0.5361429714590558
p07-s06-h2414,2,7,6,3,play,B3,H3,59,4,"[4, 7]",ALTO,1,,visually_checked,0.47842105263157897,0.523873032808749
p07-s06-h2430,2,7,6,3,play,A3,A3,57,2,"[2, 6]",ALTO,1,,visually_checked,0.4980701754385965,0.5268071485729527
p07-s06-h2388,2,7,6,3,play,C4,C4,60,3,"[3, 6]",ALTO,1,,visually_checked,0.5250877192982456,0.5209389170445452
p07-s06-h2418,2,7,6,3,play,B3,H3,59,4,"[4, 7]",ALTO,1,,visually_checked,0.5468421052631579,0.523873032808749
p07-s06-h2356,2,7,6,4,play,E4,E4,64,2,"[2, 5, 7]",ALTO,1,,visually_checked,0.5847368421052631,0.5145372099226461
p07-s06-h2392,2,7,6,4,play,C4,C4,60,3,"[3, 6]",ALTO,1,,visually_checked,0.6043859649122807,0.5206721792477994
p07-s06-h2436,2,7,6,4,play,A3,A3,57,2,"[2, 6]",ALTO,1,,visually_checked,0.6257894736842106,0.5270738863696985
p07-s06-h2368,2,7,6,4,play,D4,D4,62,1,"[1, 4, 7]",ALTO,1,,visually_checked,0.6521052631578947,0.5180048012803414
p07-s06-h2360,2,7,6,5,play,E4,E4,64,2,"[2, 5, 7]",ALTO,1,,visually_checked,0.6875438596491228,0.5148039477193919
p07-s06-h2374,2,7,6,5,play,D4,D4,62,1,"[1, 4, 7]",ALTO,1,,visually_checked,0.7085964912280702,0.5182715390770872
p07-s06-h2400,2,7,6,5,play,C4,C4,60,3,"[3, 6]",ALTO,1,,visually_checked,0.7236842105263158,0.521205654841291
p07-s06-h2422,2,7,6,5,play,B3,H3,59,4,"[4, 7]",ALTO,1,,visually_checked,0.7370175438596491,0.5241397706054948
p07-s06-h2440,2,7,6,5,play,A3,A3,57,2,"[2, 6]",ALTO,1,,visually_checked,0.7521052631578947,0.5276073619631901
p07-s06-h2378,2,7,6,5,play,D4,D4,62,1,"[1, 4, 7]",ALTO,1,,visually_checked,0.7731578947368422,0.5182715390770872
p07-s06-h2364,2,7,6,6,play,E4,E4,64,2,"[2, 5, 7]",ALTO,1,,visually_checked,0.8085964912280702,0.5150706855161377
p07-s06-h2406,2,7,6,6,play,C4,C4,60,3,"[3, 6]",ALTO,1,,visually_checked,0.8289473684210527,0.5214723926380368
p07-s06-h2446,2,7,6,6,play,A3,A3,57,2,"[2, 6]",ALTO,1,,visually_checked,0.846140350877193,0.5276073619631901
p07-s06-h2382,2,7,6,6,play,D4,D4,62,1,"[1, 4, 7]",ALTO,1,,visually_checked,0.8721052631578947,0.5182715390770872
p07-s07-h2503,2,7,7,1,play,E4,E4,64,2,"[2, 5, 7]",ALTO,1,,visually_checked,0.16824561403508773,0.5833555614830621
p07-s07-h2515,2,7,7,1,play,D4,D4,62,1,"[1, 4, 7]",ALTO,1,,visually_checked,0.20087719298245615,0.5868231528407576
p07-s07-h2531,2,7,7,1,play,C4,C4,60,3,"[3, 6]",ALTO,1,,visually_checked,0.22473684210526315,0.5897572686049614
p07-s07-h2543,2,7,7,1,play,B3,H3,59,4,"[4, 7]",ALTO,1,,visually_checked,0.24894736842105264,0.5932248599626567
p07-s07-h2551,2,7,7,1,play,A3,A3,57,2,"[2, 6]",ALTO,1,,visually_checked,0.27421052631578946,0.5961589757268605
p07-s07-h2519,2,7,7,1,play,D4,D4,62,1,"[1, 4, 7]",ALTO,1,,visually_checked,0.30333333333333334,0.5870898906375034
p07-s07-h2507,2,7,7,2,play,E4,E4,64,2,"[2, 5, 7]",ALTO,1,,visually_checked,0.35175438596491226,0.5838890370765537
p07-s07-h2535,2,7,7,2,play,C4,C4,60,3,"[3, 6]",ALTO,1,,visually_checked,0.37526315789473685,0.5900240064017072
p07-s07-h2555,2,7,7,2,play,A3,A3,57,2,"[2, 6]",ALTO,1,,visually_checked,0.39842105263157895,0.5964257135236063
p07-s07-h2523,2,7,7,2,play,D4,D4,62,1,"[1, 4, 7]",ALTO,1,,visually_checked,0.4282456140350877,0.5873566284342492
p07-s07-h2559,2,7,7,3,play,G3,G3,55,4,[4],ALTO,1,,visually_checked,0.47035087719298246,0.5998933048813017
p07-s07-h2583,2,7,7,3,play,F#3,F#3,54,5,[5],ALTO,1,,visually_checked,0.5117543859649123,0.6025606828487596
p07-s07-h2563,2,7,7,3,play,G3,G3,55,4,[4],ALTO,1,,visually_checked,0.5285964912280702,0.5998933048813017
p07-s07-h2587,2,7,7,3,play,F#3,F#3,54,5,[5],ALTO,1,,visually_checked,0.5692982456140351,0.6030941584422512
p07-s07-h2567,2,7,7,4,play,G3,G3,55,4,[4],ALTO,1,,visually_checked,0.6054385964912281,0.6001600426780475
p07-s07-h2593,2,7,7,4,play,F#3,F#3,54,5,[5],ALTO,1,,visually_checked,0.6478947368421053,0.6028274206455054
p07-s07-h2571,2,7,7,4,play,G3,G3,55,4,[4],ALTO,1,,visually_checked,0.666140350877193,0.6001600426780475
p07-s07-h2599,2,7,7,4,play,F#3,F#3,54,5,[5],ALTO,1,,visually_checked,0.7089473684210527,0.6030941584422512
p07-s07-h2575,2,7,7,5,play,G3,G3,55,4,[4],ALTO,1,,visually_checked,0.7457894736842106,0.6004267804747933
p07-s07-h2511,2,7,7,5,play,E4,E4,64,2,"[2, 5, 7]",ALTO,1,,visually_checked,0.7749122807017544,0.5849559882635369
p07-s07-h2619,2,7,7,5,play,B3,H3,59,4,"[4, 7]",ALTO,1,,visually_checked,0.7987719298245614,0.5945585489463857
p07-s07-h2627,2,7,7,5,play,G3,G3,55,4,[4],ALTO,1,,visually_checked,0.833859649122807,0.600693518271539
p07-s07-h2605,2,7,7,5,play,E3,E3,52,2,"[2, 7]",ALTO,1,,visually_checked,0.85,0.6070952253934383
p07-s07-h2579,2,7,7,5,play,G3,G3,55,4,[4],ALTO,1,,visually_checked,0.8794736842105263,0.600693518271539
p07-s08-h2707,2,7,8,1,play,B3,H3,59,4,"[4, 7]",ALTO,1,,visually_checked,0.16824561403508773,0.6633769005068018
p07-s08-h2799,2,7,8,1,play,G3,G3,55,4,[4],ALTO,1,,visually_checked,0.19210526315789472,0.6692451320352094
p07-s08-h2711,2,7,8,1,play,B3,H3,59,4,"[4, 7]",ALTO,1,,visually_checked,0.2149122807017544,0.6633769005068018
p07-s08-h2729,2,7,8,1,play,G3,G3,55,4,[4],ALTO,1,,visually_checked,0.24333333333333335,0.6695118698319552
p07-s08-h2750,2,7,8,1,play,E3,E3,52,2,"[2, 7]",ALTO,1,,visually_checked,0.2573684210526316,0.6756468391571085
p07-s08-h2733,2,7,8,1,play,G3,G3,55,4,[4],ALTO,1,,visually_checked,0.28578947368421054,0.6695118698319552
p07-s08-h2715,2,7,8,2,play,B3,H3,59,4,"[4, 7]",ALTO,1,,visually_checked,0.3142105263157895,0.6633769005068018
p07-s08-h2655,2,7,8,2,play,D4,D4,62,1,"[1, 4, 7]",ALTO,1,,visually_checked,0.37315789473684213,0.6575086689783942
p07-s08-h2737,2,7,8,3,play,G3,G3,55,4,[4],ALTO,1,,visually_checked,0.44263157894736843,0.6695118698319552
p07-s08-h2719,2,7,8,3,play,B3,H3,59,4,"[4, 7]",ALTO,1,,visually_checked,0.49912280701754386,0.6636436383035477
p07-s08-h2659,2,7,8,4,play,D4,D4,62,1,"[1, 4, 7]",ALTO,1,,visually_checked,0.5675438596491228,0.65777540677514
p07-s08-h2663,2,7,8,4,play,D4,D4,62,1,"[1, 4, 7]",ALTO,1,,visually_checked,0.612280701754386,0.6575086689783942
p07-s08-h2669,2,7,8,4,play,D#4,D#4,63,3,"[3, 6]",ALTO,1,1,visually_checked,0.6342105263157894,0.6575086689783942
p07-s08-h2631,2,7,8,5,play,E4,E4,64,2,"[2, 5, 7]",ALTO,1,,visually_checked,0.6714035087719298,0.6543078154174446
p07-s08-h2635,2,7,8,5,play,E4,E4,64,2,"[2, 5, 7]",ALTO,1,,visually_checked,0.7268421052631578,0.6543078154174446
p07-s08-h2675,2,7,8,5,play,D#4,D#4,63,3,"[3, 6]",ALTO,1,1,visually_checked,0.7496491228070176,0.6572419311816484
p07-s08-h2643,2,7,8,6,play,E4,E4,64,2,"[2, 5, 7]",ALTO,1,,visually_checked,0.7826315789473685,0.6543078154174446
p07-s08-h2647,2,7,8,6,play,E4,E4,64,2,"[2, 5, 7]",ALTO,1,,visually_checked,0.838421052631579,0.6545745532141904
p07-s08-h2682,2,7,8,6,play,D#4,D#4,63,3,"[3, 6]",ALTO,1,1,visually_checked,0.8598245614035088,0.65777540677514
p07-s09-h2830,2,7,9,1,play,E4,E4,64,2,"[2, 5, 7]",ALTO,1,,visually_checked,0.16789473684210526,0.7239263803680982
p07-s09-h2834,2,7,9,1,play,E4,E4,64,2,"[2, 5, 7]",ALTO,1,,visually_checked,0.22052631578947368,0.7239263803680982
p07-s09-h2922,2,7,9,1,play,E#4,E#4,65,1,"[1, 4, 6]",ALTO,1,1,visually_checked,0.24403508771929824,0.724193118164844
p07-s09-h2917,2,7,9,2,play,F#4,F#4,66,3,"[3, 5, 7]",ALTO,1,,visually_checked,0.2905263157894737,0.7212590024006402
p07-s09-h2953,2,7,9,3,play,A#3,A#3,58,1,"[1, 5]",ALTO,1,1,visually_checked,0.34385964912280703,0.7364630568151507
p07-s09-h2955,2,7,9,4,play,A3,A3,57,2,"[2, 6]",ALTO,1,0,visually_checked,0.3875438596491228,0.7364630568151507
p07-s09-h2956,2,7,9,4,play,A3,A3,57,2,"[2, 6]",ALTO,1,,visually_checked,0.41736842105263156,0.7363296879167778
p07-s09-h2876,2,7,9,5,play,A3,A3,57,2,"[2, 6]",ALTO,1,,visually_checked,0.46087719298245616,0.7367297946118965
p07-s09-h2882,2,7,9,5,play,A3,A3,57,2,"[2, 6]",ALTO,1,,visually_checked,0.48333333333333334,0.7369965324086423
p07-s09-h2860,2,7,9,5,play,Bb3,Bb3,58,1,"[1, 5]",ALTO,1,-1,visually_checked,0.5107017543859649,0.7337956788476927
p07-s09-h2886,2,7,9,5,play,A3,A3,57,2,"[2, 6]",ALTO,1,,visually_checked,0.5335087719298246,0.7369965324086423
p07-s09-h2909,2,7,9,6,play,G3,G3,55,4,[4],ALTO,1,,visually_checked,0.5728070175438597,0.739930648172846
p07-s09-h2890,2,7,9,6,play,Ab3,Ab3,56,3,"[3, 7]",ALTO,1,-1,visually_checked,0.6110526315789474,0.7369965324086423
p07-s09-h2894,2,7,9,6,play,Ab3,Ab3,56,3,"[3, 7]",ALTO,1,,visually_checked,0.625438596491228,0.7367297946118965
p07-s09-h2913,2,7,9,7,play,G3,G3,55,4,[4],ALTO,1,,visually_checked,0.6812280701754386,0.739930648172846
p07-s09-h2951,2,7,9,7,play,Ab3,Ab3,56,3,"[3, 7]",ALTO,1,-1,visually_checked,0.7219298245614035,0.7367297946118965
p07-s09-h2957,2,7,9,7,play,Ab3,Ab3,56,3,"[3, 7]",ALTO,1,,visually_checked,0.7447368421052631,0.7367297946118965
p07-s09-h2866,2,7,9,8,play,B3,H3,59,4,"[4, 7]",ALTO,1,0,visually_checked,0.7805263157894737,0.7340624166444385
p07-s09-manual-877,2,7,9,,play,Ab3,Ab3,56,3,"[3, 7]",ALTO,1,,visually_checked,0.6410818713450293,0.7367858095492131
p07-s10-h2965,2,7,10,1,play,A3,A3,57,2,"[2, 6]",ALTO,1,,visually_checked,0.22298245614035087,0.80634835956255
p07-s10-h2983,2,7,10,2,play,G3,G3,55,4,[4],ALTO,1,,visually_checked,0.2636842105263158,0.8095492131234996
p07-s10-h2969,2,7,10,4,play,A3,A3,57,2,"[2, 6]",ALTO,1,,visually_checked,0.4482456140350877,0.8066150973592958
p07-s10-h2975,2,7,10,5,play,A3,A3,57,2,"[2, 6]",ALTO,1,,visually_checked,0.5429824561403509,0.80634835956255
p07-s10-h2979,2,7,10,6,play,A3,A3,57,2,"[2, 6]",ALTO,1,,visually_checked,0.633859649122807,0.80634835956255
p07-s10-h3007,2,7,10,7,play,A3,A3,57,2,"[2, 6]",ALTO,1,,visually_checked,0.6870175438596491,0.8066150973592958
p07-s10-h3009,2,7,10,8,play,A3,A3,57,2,"[2, 6]",ALTO,1,,visually_checked,0.7463157894736843,0.80634835956255
p07-s10-h3013,2,7,10,9,play,G3,G3,55,4,[4],ALTO,1,,visually_checked,0.8049122807017544,0.8095492131234996
p07-s10-h3015,2,7,10,10,play,G3,G3,55,4,[4],ALTO,1,,visually_checked,0.863859649122807,0.8098159509202454
p07-s11-h3036,2,7,11,1,play,G3,G3,55,4,[4],ALTO,1,,visually_checked,0.1668421052631579,0.8786343024806615
p07-s11-h3112,2,7,11,1,play,G3,G3,55,4,[4],ALTO,1,,visually_checked,0.2556140350877193,0.8786343024806615
p07-s11-h3040,2,7,11,2,play,G3,G3,55,4,[4],ALTO,1,,visually_checked,0.35947368421052633,0.8789010402774073
p07-s11-h3044,2,7,11,2,play,G3,G3,55,4,[4],ALTO,1,,visually_checked,0.44298245614035087,0.8789010402774073
p07-s11-h3048,2,7,11,3,play,G3,G3,55,4,[4],ALTO,1,,visually_checked,0.5429824561403509,0.8786343024806615
p07-s11-h3052,2,7,11,3,play,G3,G3,55,4,[4],ALTO,1,,visually_checked,0.593859649122807,0.8786343024806615
p07-s11-h3056,2,7,11,3,play,G3,G3,55,4,[4],ALTO,1,,visually_checked,0.645438596491228,0.8786343024806615
p07-s11-h3060,2,7,11,3,play,G3,G3,55,4,[4],ALTO,1,,visually_checked,0.6970175438596491,0.8783675646839157
p07-s11-h3064,2,7,11,4,play,G3,G3,55,4,[4],ALTO,1,,visually_checked,0.7685964912280702,0.8775673512936784
p08-s02-h2790,2,8,2,8,play,D3,D3,50,4,[4],ALTO,1,,visually_checked,0.7250877192982456,0.27500666844491867
p08-s02-h2792,2,8,2,8,play,D3,D3,50,4,[4],ALTO,1,,visually_checked,0.7752631578947369,0.27527340624166446
p08-s02-manual-1145,2,8,2,,play,D3,D3,50,4,[4],ALTO,1,,visually_checked,0.8369883040935673,0.27533564506090513
p08-s02-manual-1193,2,8,2,,play,D3,D3,50,4,[4],ALTO,1,,visually_checked,0.8720760233918129,0.27533564506090513
p08-s03-h2920,2,8,3,1,play,B3,H3,59,4,"[4, 7]",ALTO,1,,visually_checked,0.1692982456140351,0.3304881301680448
p08-s03-h2815,2,8,3,1,play,C4,C4,60,3,"[3, 6]",ALTO,1,,visually_checked,0.2092982456140351,0.3272872766070952
p08-s03-h2841,2,8,3,1,play,A3,A3,57,2,"[2, 6]",ALTO,1,,visually_checked,0.22894736842105262,0.3334222459322486
p08-s03-h2918,2,8,3,2,play,B3,H3,59,4,"[4, 7]",ALTO,1,,visually_checked,0.26614035087719295,0.3304881301680448
p08-s03-h2819,2,8,3,2,play,C4,C4,60,3,"[3, 6]",ALTO,1,,visually_checked,0.3075438596491228,0.3270205388103494
p08-s03-h2845,2,8,3,2,play,A3,A3,57,2,"[2, 6]",ALTO,1,,visually_checked,0.3317543859649123,0.3331555081355028
p08-s03-h2827,2,8,3,3,play,B3,H3,59,4,"[4, 7]",ALTO,1,,visually_checked,0.36929824561403507,0.330221392371299
p08-s03-h2823,2,8,3,3,play,C4,C4,60,3,"[3, 6]",ALTO,1,,visually_checked,0.4029824561403509,0.32675380101360363
p08-s03-h2881,2,8,3,4,play,F3,F3,53,1,"[1, 6]",ALTO,1,,visually_checked,0.4454385964912281,0.33902373966391036
p08-s03-h2807,2,8,3,4,play,Eb4,Eb4,63,3,"[3, 6]",ALTO,1,-1,visually_checked,0.4728070175438597,0.32061883168845023
p08-s03-h2916,2,8,3,4,play,Bb3,Bb3,58,1,"[1, 5]",ALTO,1,-1,visually_checked,0.5005263157894737,0.330221392371299
p08-s03-h2849,2,8,3,4,play,A3,A3,57,2,"[2, 6]",ALTO,1,,visually_checked,0.521578947368421,0.332888770338757
p08-s03-h2833,2,8,3,5,play,Bb3,Bb3,58,1,"[1, 5]",ALTO,1,-1,visually_checked,0.5584210526315789,0.3299546545745532
p08-s03-h2871,2,8,3,5,play,G3,G3,55,4,[4],ALTO,1,,visually_checked,0.586140350877193,0.3360896238997066
p08-s03-h2875,2,8,3,5,play,G3,G3,55,4,[4],ALTO,1,,visually_checked,0.6089473684210527,0.3360896238997066
p08-s03-h2857,2,8,3,6,play,A3,A3,57,2,"[2, 6]",ALTO,1,,visually_checked,0.6436842105263157,0.332888770338757
p08-s03-h2837,2,8,3,6,play,Bb3,Bb3,58,1,"[1, 5]",ALTO,1,-1,visually_checked,0.673859649122807,0.330221392371299
p08-s03-h2863,2,8,3,6,play,A3,A3,57,2,"[2, 6]",ALTO,1,,visually_checked,0.6935087719298245,0.332888770338757
p08-s03-h2889,2,8,3,7,play,D3,D3,50,4,[4],ALTO,1,,visually_checked,0.7952631578947369,0.34542544678580955
p08-s03-h2893,2,8,3,8,play,D3,D3,50,4,[4],ALTO,1,,visually_checked,0.8791228070175439,0.34515870898906376
p08-s03-manual-1031,2,8,3,,play,D3,D3,50,4,[4],ALTO,1,,visually_checked,0.7536549707602339,0.34532690198867844
p08-s03-manual-1160,2,8,3,,play,D3,D3,50,4,[4],ALTO,1,,visually_checked,0.847953216374269,0.34532690198867844
p08-s04-h3036,2,8,4,1,play,D3,D3,50,4,[4],ALTO,1,,visually_checked,0.1705263157894737,0.41411042944785276
p08-s04-h2964,2,8,4,1,play,C4,C4,60,3,"[3, 6]",ALTO,1,,visually_checked,0.21596491228070175,0.3974393171512403
p08-s04-h2982,2,8,4,1,play,A3,A3,57,2,"[2, 6]",ALTO,1,,visually_checked,0.2387719298245614,0.4035742864763937
p08-s04-h2968,2,8,4,2,play,C4,C4,60,3,"[3, 6]",ALTO,1,,visually_checked,0.3215789473684211,0.3977060549479861
p08-s04-h2986,2,8,4,2,play,A3,A3,57,2,"[2, 6]",ALTO,1,,visually_checked,0.34789473684210526,0.4038410242731395
p08-s04-h2976,2,8,4,3,play,B3,H3,59,4,"[4, 7]",ALTO,1,,visually_checked,0.38403508771929823,0.40064017071218994
p08-s04-h3020,2,8,4,3,play,F#3,F#3,54,5,[5],ALTO,1,,visually_checked,0.4317543859649123,0.4094425180048013
p08-s04-h3121,2,8,4,4,play,G3,G3,55,4,[4],ALTO,1,,visually_checked,0.49,0.4067751400373433
p08-s04-h3040,2,8,4,4,play,E3,E3,52,2,"[2, 7]",ALTO,1,,visually_checked,0.5352631578947369,0.41291010936249667
p08-s04-h3004,2,8,4,5,play,G3,G3,55,4,[4],ALTO,1,,visually_checked,0.598421052631579,0.4067751400373433
p08-s04-h3010,2,8,4,5,play,G#3,G#3,56,3,"[3, 7]",ALTO,1,,visually_checked,0.6289473684210526,0.4067751400373433
p08-s04-h2994,2,8,4,5,play,A3,A3,57,2,"[2, 6]",ALTO,1,,visually_checked,0.6503508771929825,0.4035742864763937
p08-s04-h3030,2,8,4,5,play,F#3,F#3,54,5,[5],ALTO,1,,visually_checked,0.6731578947368421,0.4094425180048013
p08-s04-h3119,2,8,4,6,play,G3,G3,55,4,[4],ALTO,1,-1,visually_checked,0.7173684210526315,0.4067751400373433
p08-s04-h3034,2,8,4,6,play,F#3,F#3,54,5,[5],ALTO,1,,visually_checked,0.7387719298245614,0.4094425180048013
p08-s04-manual-381,2,8,4,,play,B3,H3,59,4,"[4, 7]",ALTO,1,,visually_checked,0.27850877192982454,0.40060016004267807
p08-s04-manual-1045,2,8,4,,play,G3,G3,55,4,[4],ALTO,1,,visually_checked,0.7638888888888888,0.40676180314750604
p08-s06-h3574,2,8,6,3,play,D3,D3,50,4,[4],ALTO,1,,visually_checked,0.4307017543859649,0.5752200586823153
p08-s06-h3508,2,8,6,3,play,D3,D3,50,4,[4],ALTO,1,,visually_checked,0.4803508771929825,0.5733528941050947
p08-s06-h3528,2,8,6,4,play,D3,D3,50,4,[4],ALTO,1,,visually_checked,0.5454385964912281,0.5745532141904508
p08-s06-h3578,2,8,6,4,play,D3,D3,50,4,[4],ALTO,1,,visually_checked,0.5826315789473684,0.574286476393705
p08-s06-h3546,2,8,6,5,play,B3,H3,59,4,"[4, 7]",ALTO,1,,visually_checked,0.6194736842105263,0.559615897572686
p08-s06-h3486,2,8,6,5,play,C4,C4,60,3,"[3, 6]",ALTO,1,,visually_checked,0.6696491228070175,0.5564150440117365
p08-s06-h3502,2,8,6,5,play,A3,A3,57,2,"[2, 6]",ALTO,1,,visually_checked,0.6921052631578948,0.5625500133368898
p08-s06-h3536,2,8,6,6,play,C4,C4,60,3,"[3, 6]",ALTO,1,,visually_checked,0.7808771929824562,0.5566817818084823
p08-s06-h3506,2,8,6,6,play,A3,A3,57,2,"[2, 6]",ALTO,1,,visually_checked,0.8033333333333333,0.5628167511336356
p08-s06-h3498,2,8,6,7,play,B3,H3,59,4,"[4, 7]",ALTO,1,,visually_checked,0.8387719298245614,0.5598826353694318
p08-s06-h3490,2,8,6,7,play,C4,C4,60,3,"[3, 6]",ALTO,1,,visually_checked,0.8692982456140351,0.5569485196052281
p08-s06-manual-994,2,8,6,,play,B3,H3,59,4,"[4, 7]",ALTO,1,,visually_checked,0.7266081871345029,0.5595770636875715
p08-s07-h3634,2,8,7,1,play,F3,F3,53,1,"[1, 6]",ALTO,1,0,visually_checked,0.16964912280701755,0.6359029074419845
p08-s07-h3594,2,8,7,1,play,Eb4,Eb4,63,3,"[3, 6]",ALTO,1,-1,visually_checked,0.1987719298245614,0.6177647372632702
p08-s07-h3618,2,8,7,1,play,G3,G3,55,4,[4],ALTO,1,,visually_checked,0.22157894736842104,0.6332355294745265
p08-s07-h3638,2,8,7,1,play,F#3,F#3,54,5,[5],ALTO,1,1,visually_checked,0.24789473684210525,0.6364363830354761
p08-s07-h3700,2,8,7,2,play,G3,G3,55,4,[4],ALTO,1,,visually_checked,0.3173684210526316,0.6335022672712723
p08-s07-h3626,2,8,7,2,play,G3,G3,55,4,[4],ALTO,1,,visually_checked,0.3394736842105263,0.6335022672712723
p08-s07-h3696,2,8,7,3,play,A3,A3,57,2,"[2, 6]",ALTO,1,,visually_checked,0.3801754385964912,0.6303014137103228
p08-s07-h3600,2,8,7,3,play,Bb3,Bb3,58,1,"[1, 5]",ALTO,1,-1,visually_checked,0.40578947368421053,0.6276340357428648
p08-s07-h3608,2,8,7,3,play,A3,A3,57,2,"[2, 6]",ALTO,1,,visually_checked,0.42894736842105263,0.6305681515070686
p08-s07-h3717,2,8,7,4,play,D3,D3,50,4,[4],ALTO,1,,visually_checked,0.4945614035087719,0.6424379834622566
p08-s07-h3658,2,8,7,4,play,D3,D3,50,4,[4],ALTO,1,,visually_checked,0.5401754385964912,0.6425713523606295
p08-s07-h3721,2,8,7,5,play,D3,D3,50,4,[4],ALTO,1,,visually_checked,0.6110526315789474,0.6420378767671379
p08-s07-h3682,2,8,7,6,play,C4,C4,60,3,"[3, 6]",ALTO,1,,visually_checked,0.7440350877192983,0.6249666577754067
p08-s07-h3694,2,8,7,6,play,A3,A3,57,2,"[2, 6]",ALTO,1,,visually_checked,0.7657894736842106,0.6311016271005602
p08-s07-h3604,2,8,7,7,play,B3,H3,59,4,"[4, 7]",ALTO,1,,visually_checked,0.8068421052631579,0.6284342491331022
p08-s07-h3684,2,8,7,7,play,C4,C4,60,3,"[3, 6]",ALTO,1,,visually_checked,0.8521052631578947,0.6255001333688984
p08-s07-h3612,2,8,7,7,play,A3,A3,57,2,"[2, 6]",ALTO,1,,visually_checked,0.8724561403508772,0.631368364897306
p08-s07-manual-393,2,8,7,,play,Bb3,Bb3,58,1,"[1, 5]",ALTO,1,,visually_checked,0.28728070175438597,0.6277307281941852
p08-s07-manual-898,2,8,7,,play,D3,D3,50,4,[4],ALTO,1,,visually_checked,0.6564327485380117,0.6429514537209925
p08-s07-manual-958,2,8,7,,play,G3,G3,55,4,[4],ALTO,1,,visually_checked,0.7002923976608187,0.6338190184049081
p08-s08-h3753,2,8,8,1,play,B3,H3,59,4,"[4, 7]",ALTO,1,,visually_checked,0.1685964912280702,0.6943184849293145
p08-s08-h3811,2,8,8,1,play,F#3,F#3,54,5,[5],ALTO,1,,visually_checked,0.21280701754385964,0.7039210456121633
p08-s08-h3793,2,8,8,2,play,G3,G3,55,4,[4],ALTO,1,,visually_checked,0.2731578947368421,0.7009869298479594
p08-s08-h3827,2,8,8,2,play,E3,E3,52,2,"[2, 7]",ALTO,1,,visually_checked,0.3173684210526316,0.7076553747666045
p08-s08-h3797,2,8,8,3,play,G3,G3,55,4,[4],ALTO,1,,visually_checked,0.37666666666666665,0.701520405441451
p08-s08-h3803,2,8,8,3,play,G#3,G#3,56,3,"[3, 7]",ALTO,1,1,visually_checked,0.4075438596491228,0.701520405441451
p08-s08-h3787,2,8,8,3,play,A3,A3,57,2,"[2, 6]",ALTO,1,,visually_checked,0.42964912280701756,0.6983195518805014
p08-s08-h3821,2,8,8,3,play,F#3,F#3,54,5,[5],ALTO,1,,visually_checked,0.4514035087719298,0.7044545212056549
p08-s08-h3807,2,8,8,4,play,G3,G3,55,4,[4],ALTO,1,,visually_checked,0.4882456140350877,0.7017871432381968
p08-s08-h3757,2,8,8,4,play,B3,H3,59,4,"[4, 7]",ALTO,1,,visually_checked,0.5092982456140351,0.6959189117097893
p08-s08-h3725,2,8,8,4,play,C4,C4,60,3,"[3, 6]",ALTO,1,,visually_checked,0.5363157894736842,0.6924513203520939
p08-s08-h3729,2,8,8,4,play,C4,C4,60,3,"[3, 6]",ALTO,1,,visually_checked,0.5584210526315789,0.6924513203520939
p08-s08-h3761,2,8,8,5,play,B3,H3,59,4,"[4, 7]",ALTO,1,,visually_checked,0.59,0.6959189117097893
p08-s08-h3765,2,8,8,5,play,B3,H3,59,4,"[4, 7]",ALTO,1,,visually_checked,0.6121052631578947,0.696185649506535
p08-s08-h3733,2,8,8,5,play,C4,C4,60,3,"[3, 6]",ALTO,1,,visually_checked,0.6380701754385965,0.6927180581488397
p08-s08-h3737,2,8,8,5,play,C4,C4,60,3,"[3, 6]",ALTO,1,,visually_checked,0.6601754385964912,0.6929847959455855
p08-s08-h3833,2,8,8,6,play,B3,H3,59,4,"[4, 7]",ALTO,1,,visually_checked,0.7043859649122807,0.6964523873032809
p08-s08-h3829,2,8,8,6,play,C4,C4,60,3,"[3, 6]",ALTO,1,,visually_checked,0.7278947368421053,0.6935182715390771
p08-s08-h3771,2,8,8,6,play,B3,H3,59,4,"[4, 7]",ALTO,1,,visually_checked,0.7507017543859649,0.6967191251000266
p08-s08-h3741,2,8,8,6,play,C4,C4,60,3,"[3, 6]",ALTO,1,,visually_checked,0.7731578947368422,0.6932515337423313
p08-s08-h3775,2,8,8,7,play,B3,H3,59,4,"[4, 7]",ALTO,1,,visually_checked,0.8078947368421052,0.6967191251000266
p08-s08-h3745,2,8,8,7,play,C4,C4,60,3,"[3, 6]",ALTO,1,,visually_checked,0.8307017543859649,0.6935182715390771
p08-s08-h3779,2,8,8,7,play,B3,H3,59,4,"[4, 7]",ALTO,1,,visually_checked,0.850701754385965,0.6969858628967724
p08-s08-h3749,2,8,8,7,play,C4,C4,60,3,"[3, 6]",ALTO,1,,visually_checked,0.873859649122807,0.6935182715390771
p08-s09-h3860,2,8,9,1,play,B3,H3,59,4,"[4, 7]",ALTO,-3,,visually_checked,0.16894736842105262,0.7618031475060016
p08-s09-h3872,2,8,9,6,play,Eb3,Eb3,51,3,[3],ALTO,-3,,visually_checked,0.5710526315789474,0.7751400373432915
p08-s09-h3876,2,8,9,6,play,Eb3,Eb3,51,3,[3],ALTO,-3,,visually_checked,0.6124561403508771,0.7751400373432915
p08-s09-h3880,2,8,9,7,play,Eb3,Eb3,51,3,[3],ALTO,-3,,visually_checked,0.6664912280701755,0.7754067751400373
p08-s09-h3884,2,8,9,8,play,C3,C3,48,6,[6],ALTO,-3,,visually_checked,0.7464912280701754,0.7815417444651908
p08-s09-h3888,2,8,9,8,play,C3,C3,48,6,[6],ALTO,-3,,visually_checked,0.79,0.7818084822619366
p08-s09-h3892,2,8,9,9,play,C3,C3,48,6,[6],ALTO,-3,,visually_checked,0.8440350877192982,0.7831421712456655
p08-s10-h3944,2,8,10,1,play,G3,G3,55,4,[4],ALTO,-3,,visually_checked,0.18333333333333332,0.8348893038143504
p08-s10-h3948,2,8,10,1,play,G3,G3,55,4,[4],ALTO,-3,,visually_checked,0.24157894736842106,0.8351560416110962
p08-s10-h3932,2,8,10,2,play,C4,C4,60,3,"[3, 6]",ALTO,-3,,visually_checked,0.32052631578947366,0.8260869565217391
p09-s01-h2426,2,9,1,1,play,C4,C4,60,3,"[3, 6]",ALTO,-3,,visually_checked,0.2326315789473684,0.13630301413710322
p09-s01-h2430,2,9,1,2,play,C4,C4,60,3,"[3, 6]",ALTO,-3,,visually_checked,0.26456140350877194,0.13630301413710322
p09-s01-h2390,2,9,1,2,play,Eb4,Eb4,63,3,"[3, 6]",ALTO,-3,,visually_checked,0.2894736842105263,0.12990130701520405
p09-s01-h2434,2,9,1,3,play,C4,C4,60,3,"[3, 6]",ALTO,-3,,visually_checked,0.327719298245614,0.13630301413710322
p09-s01-h2394,2,9,1,3,play,Eb4,Eb4,63,3,"[3, 6]",ALTO,-3,,visually_checked,0.3740350877192982,0.13016804481194985
p09-s01-h2438,2,9,1,4,play,C4,C4,60,3,"[3, 6]",ALTO,-3,,visually_checked,0.40807017543859647,0.13656975193384902
p09-s01-h2442,2,9,1,4,play,C4,C4,60,3,"[3, 6]",ALTO,-3,,visually_checked,0.4266666666666667,0.13656975193384902
p09-s01-h2490,2,9,1,4,play,Eb4,Eb4,63,3,"[3, 6]",ALTO,-3,,visually_checked,0.44701754385964915,0.13043478260869565
p09-s01-h2398,2,9,1,4,play,Eb4,Eb4,63,3,"[3, 6]",ALTO,-3,,visually_checked,0.4666666666666667,0.13096825820218724
p09-s01-h2460,2,9,1,5,play,B3,H3,59,4,"[4, 7]",ALTO,-3,0,visually_checked,0.5017543859649123,0.1403040810882902
p09-s01-h2404,2,9,1,5,play,D4,D4,62,1,"[1, 4, 7]",ALTO,-3,,visually_checked,0.547719298245614,0.13416911176313684
p09-s01-h2464,2,9,1,6,play,B3,H3,59,4,"[4, 7]",ALTO,-3,,visually_checked,0.5821052631578948,0.140570818885036
p09-s01-h2410,2,9,1,6,play,D4,D4,62,1,"[1, 4, 7]",ALTO,-3,,visually_checked,0.6168421052631579,0.13443584955988264
p09-s01-h2470,2,9,1,7,play,B3,H3,59,4,"[4, 7]",ALTO,-3,0,visually_checked,0.6614035087719298,0.1408375566817818
p09-s01-h2474,2,9,1,8,play,B3,H3,59,4,"[4, 7]",ALTO,-3,0,visually_checked,0.7373684210526316,0.1411042944785276
p09-s01-h2478,2,9,1,8,play,B3,H3,59,4,"[4, 7]",ALTO,-3,,visually_checked,0.7566666666666667,0.1413710322752734
p09-s01-h2414,2,9,1,8,play,D4,D4,62,1,"[1, 4, 7]",ALTO,-3,,visually_checked,0.7829824561403509,0.13523606295012003
p09-s01-h2418,2,9,1,8,play,D4,D4,62,1,"[1, 4, 7]",ALTO,-3,,visually_checked,0.8031578947368421,0.13523606295012003
p09-s01-h2482,2,9,1,9,play,Bb3,Bb3,58,1,"[1, 5]",ALTO,-3,-1,visually_checked,0.8354385964912281,0.1416377700720192
p09-s01-h2422,2,9,1,9,play,Db4,Db4,61,2,"[2, 5]",ALTO,-3,-1,visually_checked,0.8831578947368421,0.13576953854361162
p09-s01-manual-973,2,9,1,,play,D4,D4,62,1,"[1, 4, 7]",ALTO,-3,,visually_checked,0.7112573099415205,0.13435782875433447
p09-s02-h2539,2,9,2,1,play,Bb3,Bb3,58,1,"[1, 5]",ALTO,-3,,visually_checked,0.1863157894736842,0.19951987196585758
p09-s02-h2575,2,9,2,1,play,Db4,Db4,61,2,"[2, 5]",ALTO,-3,-1,visually_checked,0.22912280701754387,0.19338490264070418
p09-s02-h2543,2,9,2,2,play,Bb3,Bb3,58,1,"[1, 5]",ALTO,-3,,visually_checked,0.2680701754385965,0.19951987196585758
p09-s02-h2517,2,9,2,2,play,Db4,Db4,61,2,"[2, 5]",ALTO,-3,-1,visually_checked,0.3236842105263158,0.19365164043744998
p09-s02-h2547,2,9,2,3,play,Bb3,Bb3,58,1,"[1, 5]",ALTO,-3,,visually_checked,0.36,0.19978660976260337
p09-s02-h2551,2,9,2,3,play,Bb3,Bb3,58,1,"[1, 5]",ALTO,-3,,visually_checked,0.3792982456140351,0.20005334755934917
p09-s02-h2521,2,9,2,3,play,Db4,Db4,61,2,"[2, 5]",ALTO,-3,,visually_checked,0.40982456140350876,0.19365164043744998
p09-s02-h2525,2,9,2,3,play,Db4,Db4,61,2,"[2, 5]",ALTO,-3,-1,visually_checked,0.4301754385964912,0.19391837823419578
p09-s02-h2569,2,9,2,4,play,F3,F3,53,1,"[1, 6]",ALTO,-3,,visually_checked,0.47192982456140353,0.2091224326487063
p09-s03-h2641,2,9,3,3,play,A3,A3,57,2,"[2, 6]",ALTO,0,,visually_checked,0.3929824561403509,0.2627367297946119
p09-s03-h2647,2,9,3,4,play,A#3,A#3,58,1,"[1, 5]",ALTO,0,1,visually_checked,0.4670175438596491,0.2632702053881035
p09-s03-h2685,2,9,3,5,play,F#3,F#3,54,5,[5],ALTO,0,1,visually_checked,0.5408771929824562,0.2688716991197653
p09-s03-h2675,2,9,3,6,play,G#3,G#3,56,3,"[3, 7]",ALTO,0,1,visually_checked,0.6117543859649123,0.2659375833555615
p09-s03-h2651,2,9,3,7,play,A3,A3,57,2,"[2, 6]",ALTO,0,,visually_checked,0.6838596491228071,0.2632702053881035
p09-s03-h2655,2,9,3,8,play,A3,A3,57,2,"[2, 6]",ALTO,0,,visually_checked,0.7536842105263157,0.2632702053881035
p09-s03-h2677,2,9,3,8,play,G#3,G#3,56,3,"[3, 7]",ALTO,0,1,visually_checked,0.7963157894736842,0.2664710589490531
p09-s03-h2659,2,9,3,9,play,A3,A3,57,2,"[2, 6]",ALTO,0,,visually_checked,0.8392982456140351,0.26380368098159507
p09-s04-h2784,2,9,4,11,play,D4,D4,62,1,"[1, 4, 7]",ALTO,1,,visually_checked,0.8750877192982456,0.3216857828754334
p09-s05-h2857,2,9,5,1,play,D4,D4,62,1,"[1, 4, 7]",ALTO,1,,visually_checked,0.17157894736842105,0.3838356895172046
p09-s05-h2861,2,9,5,1,play,D4,D4,62,1,"[1, 4, 7]",ALTO,1,,visually_checked,0.2007017543859649,0.3838356895172046
p09-s05-h2873,2,9,5,2,play,C4,C4,60,3,"[3, 6]",ALTO,1,,visually_checked,0.2554385964912281,0.38676980528140836
p09-s05-h2865,2,9,5,2,play,D4,D4,62,1,"[1, 4, 7]",ALTO,1,,visually_checked,0.2736842105263158,0.3838356895172046
p09-s05-h2853,2,9,5,3,play,E4,E4,64,2,"[2, 5, 7]",ALTO,1,,visually_checked,0.3119298245614035,0.3803680981595092
p09-s05-h2879,2,9,5,3,play,C4,C4,60,3,"[3, 6]",ALTO,1,,visually_checked,0.3350877192982456,0.38676980528140836
p09-s08-h3483,2,9,8,1,play,D3,D3,50,4,[4],ALTO,1,,visually_checked,0.1694736842105263,0.6030941584422512
p09-s08-h3487,2,9,8,1,play,D3,D3,50,4,[4],ALTO,1,,visually_checked,0.21298245614035088,0.6022939450520138
p09-s08-h3523,2,9,8,2,play,D3,D3,50,4,[4],ALTO,1,,visually_checked,0.27017543859649124,0.6030941584422512
p09-s08-h3491,2,9,8,2,play,D3,D3,50,4,[4],ALTO,1,,visually_checked,0.3031578947368421,0.6030941584422512
p09-s08-h3405,2,9,8,3,play,B3,H3,59,4,"[4, 7]",ALTO,1,,visually_checked,0.3333333333333333,0.5884235796212324
p09-s08-h3393,2,9,8,3,play,C4,C4,60,3,"[3, 6]",ALTO,1,,visually_checked,0.37543859649122807,0.5852227260602827
p09-s08-h3429,2,9,8,3,play,A3,A3,57,2,"[2, 6]",ALTO,1,,visually_checked,0.39824561403508774,0.5913576953854361
p09-s08-h3409,2,9,8,4,play,B3,H3,59,4,"[4, 7]",ALTO,1,,visually_checked,0.4343859649122807,0.5884235796212324
p09-s08-h3397,2,9,8,4,play,C4,C4,60,3,"[3, 6]",ALTO,1,,visually_checked,0.4768421052631579,0.5849559882635369
p09-s08-h3435,2,9,8,4,play,A3,A3,57,2,"[2, 6]",ALTO,1,,visually_checked,0.4975438596491228,0.5910909575886903
p09-s08-h3413,2,9,8,5,play,B3,H3,59,4,"[4, 7]",ALTO,1,,visually_checked,0.5312280701754386,0.5881568418244866
p09-s08-h3401,2,9,8,5,play,C4,C4,60,3,"[3, 6]",ALTO,1,,visually_checked,0.5652631578947368,0.5846892504667911
p09-s08-h3457,2,9,8,6,play,F3,F3,53,1,"[1, 6]",ALTO,1,0,visually_checked,0.6073684210526316,0.5972259269138437
p09-s08-h3385,2,9,8,6,play,Eb4,Eb4,63,3,"[3, 6]",ALTO,1,-1,visually_checked,0.6333333333333333,0.5790877567351294
p09-s08-h3417,2,9,8,6,play,Bb3,Bb3,58,1,"[1, 5]",ALTO,1,-1,visually_checked,0.6596491228070176,0.5881568418244866
p09-s08-h3441,2,9,8,6,play,A3,A3,57,2,"[2, 6]",ALTO,1,,visually_checked,0.6803508771929825,0.5910909575886903
p09-s08-h3509,2,9,8,7,play,Bb3,Bb3,58,1,"[1, 5]",ALTO,1,-1,visually_checked,0.7163157894736842,0.5881568418244866
p09-s08-h3449,2,9,8,7,play,G3,G3,55,4,[4],ALTO,1,,visually_checked,0.7417543859649123,0.5942918111496399
p09-s08-h3453,2,9,8,7,play,G3,G3,55,4,[4],ALTO,1,,visually_checked,0.7635087719298246,0.5942918111496399
p09-s08-h3516,2,9,8,8,play,A3,A3,57,2,"[2, 6]",ALTO,1,,visually_checked,0.796140350877193,0.5916244331821819
p09-s08-h3423,2,9,8,8,play,Bb3,Bb3,58,1,"[1, 5]",ALTO,1,-1,visually_checked,0.8245614035087719,0.5884235796212324
p09-s08-h3445,2,9,8,8,play,A3,A3,57,2,"[2, 6]",ALTO,1,,visually_checked,0.8470175438596491,0.5916244331821819
p09-s09-h3627,2,9,9,1,play,D3,D3,50,4,[4],ALTO,1,,visually_checked,0.16982456140350877,0.6663110162710056
p09-s09-h3631,2,9,9,1,play,D3,D3,50,4,[4],ALTO,1,,visually_checked,0.21017543859649124,0.6665777540677514
p09-s09-h3637,2,9,9,2,play,D3,D3,50,4,[4],ALTO,1,,visually_checked,0.2656140350877193,0.6660442784742598
p09-s09-h3641,2,9,9,2,play,D3,D3,50,4,[4],ALTO,1,,visually_checked,0.29754385964912283,0.665777540677514
p09-s09-h3667,2,9,9,3,play,B3,H3,59,4,"[4, 7]",ALTO,1,,visually_checked,0.3343859649122807,0.6516404374499867
p09-s09-h3535,2,9,9,3,play,C4,C4,60,3,"[3, 6]",ALTO,1,,visually_checked,0.37333333333333335,0.6484395838890371
p09-s09-h3553,2,9,9,3,play,A3,A3,57,2,"[2, 6]",ALTO,1,,visually_checked,0.3950877192982456,0.6548412910109362
p09-s09-h3543,2,9,9,4,play,B3,H3,59,4,"[4, 7]",ALTO,1,,visually_checked,0.43087719298245614,0.6519071752467325
p09-s09-h3539,2,9,9,4,play,C4,C4,60,3,"[3, 6]",ALTO,1,,visually_checked,0.4729824561403509,0.6484395838890371
p09-s09-h3557,2,9,9,4,play,A3,A3,57,2,"[2, 6]",ALTO,1,,visually_checked,0.4936842105263158,0.6548412910109362
p09-s09-h3547,2,9,9,5,play,B3,H3,59,4,"[4, 7]",ALTO,1,,visually_checked,0.5319298245614035,0.6519071752467325
p09-s09-h3597,2,9,9,5,play,F#3,F#3,54,5,[5],ALTO,1,,visually_checked,0.5733333333333334,0.6607095225393438
p09-s09-h3575,2,9,9,6,play,G3,G3,55,4,[4],ALTO,1,,visually_checked,0.6236842105263158,0.65777540677514
p09-s09-h3623,2,9,9,6,play,E3,E3,52,2,"[2, 7]",ALTO,1,,visually_checked,0.6652631578947369,0.6641771138970393
p09-s09-h3579,2,9,9,7,play,G3,G3,55,4,[4],ALTO,1,,visually_checked,0.7143859649122807,0.6580421445718858
p09-s09-h3671,2,9,9,7,play,G#3,G#3,56,3,"[3, 7]",ALTO,1,1,visually_checked,0.7403508771929824,0.6580421445718858
p09-s09-h3563,2,9,9,7,play,A3,A3,57,2,"[2, 6]",ALTO,1,,visually_checked,0.7607017543859649,0.6548412910109362
p09-s09-h3605,2,9,9,7,play,F#3,F#3,54,5,[5],ALTO,1,,visually_checked,0.7821052631578947,0.6609762603360896
p09-s09-h3589,2,9,9,8,play,G3,G3,55,4,[4],ALTO,1,,visually_checked,0.8122807017543859,0.6580421445718858
p09-s09-h3567,2,9,9,8,play,A3,A3,57,2,"[2, 6]",ALTO,1,,visually_checked,0.832280701754386,0.655108028807682
p09-s09-h3593,2,9,9,8,play,G3,G3,55,4,[4],ALTO,1,,visually_checked,0.8529824561403508,0.6583088823686316
p09-s09-h3571,2,9,9,8,play,A3,A3,57,2,"[2, 6]",ALTO,1,,visually_checked,0.8736842105263158,0.655108028807682
p09-s10-h3763,2,9,10,1,play,G3,G3,55,4,[4],ALTO,1,,visually_checked,0.16842105263157894,0.7209922646038943
p09-s10-h3747,2,9,10,1,play,A3,A3,57,2,"[2, 6]",ALTO,1,,visually_checked,0.1968421052631579,0.717524673246199
p09-s10-h3767,2,9,10,1,play,G3,G3,55,4,[4],ALTO,1,,visually_checked,0.22140350877192982,0.7207255268071485
p09-s10-h3751,2,9,10,1,play,A3,A3,57,2,"[2, 6]",ALTO,1,,visually_checked,0.2480701754385965,0.7177914110429447
p09-s10-h3821,2,9,10,1,play,G3,G3,55,4,[4],ALTO,1,,visually_checked,0.2873684210526316,0.7207255268071485
p09-s10-h3773,2,9,10,3,play,G3,G3,55,4,[4],ALTO,1,,visually_checked,0.45403508771929824,0.7201920512136569
p09-s10-h3739,2,9,10,3,play,B3,H3,59,4,"[4, 7]",ALTO,1,,visually_checked,0.48280701754385963,0.7143238196852494
p09-s10-h3691,2,9,10,3,play,D4,D4,62,1,"[1, 4, 7]",ALTO,1,,visually_checked,0.507719298245614,0.708188850360096
p09-s10-h3695,2,9,10,3,play,D4,D4,62,1,"[1, 4, 7]",ALTO,1,,visually_checked,0.5319298245614035,0.7079221125633502
p09-s10-h3699,2,9,10,4,play,D4,D4,62,1,"[1, 4, 7]",ALTO,1,,visually_checked,0.5708771929824561,0.7079221125633502
p09-s10-h3683,2,9,10,4,play,E4,E4,64,2,"[2, 5, 7]",ALTO,1,,visually_checked,0.603859649122807,0.7044545212056549
p09-s10-h3703,2,9,10,4,play,D4,D4,62,1,"[1, 4, 7]",ALTO,1,,visually_checked,0.6242105263157894,0.7079221125633502
p09-s10-h3707,2,9,10,5,play,D4,D4,62,1,"[1, 4, 7]",ALTO,1,,visually_checked,0.6645614035087719,0.7079221125633502
p09-s10-h3687,2,9,10,5,play,E4,E4,64,2,"[2, 5, 7]",ALTO,1,,visually_checked,0.6929824561403509,0.7044545212056549
p09-s10-h3711,2,9,10,5,play,D4,D4,62,1,"[1, 4, 7]",ALTO,1,,visually_checked,0.7115789473684211,0.7076553747666045
p09-s10-h3715,2,9,10,6,play,D4,D4,62,1,"[1, 4, 7]",ALTO,1,,visually_checked,0.744561403508772,0.7079221125633502
p09-s10-h3733,2,9,10,6,play,C4,C4,60,3,"[3, 6]",ALTO,1,,visually_checked,0.7628070175438596,0.710856228327554
p09-s10-h3743,2,9,10,6,play,B3,H3,59,4,"[4, 7]",ALTO,1,,visually_checked,0.78,0.7140570818885036
p09-s10-h3759,2,9,10,6,play,A3,A3,57,2,"[2, 6]",ALTO,1,,visually_checked,0.7992982456140351,0.7167244598559616
p09-s10-h3777,2,9,10,6,play,G3,G3,55,4,[4],ALTO,1,,visually_checked,0.8192982456140351,0.7199253134169111
p09-s10-h3789,2,9,10,6,play,F#3,F#3,54,5,[5],ALTO,1,,visually_checked,0.8378947368421052,0.722859429181115
p09-s10-h3797,2,9,10,6,play,E3,E3,52,2,"[2, 7]",ALTO,1,,visually_checked,0.8556140350877193,0.7265937583355562
p09-s10-h3803,2,9,10,6,play,D3,D3,50,4,[4],ALTO,1,,visually_checked,0.8757894736842106,0.7287276607095226
p09-s11-h3887,2,9,11,1,play,G3,G3,55,4,[4],ALTO,1,,visually_checked,0.16842105263157894,0.7839423846359029
p09-s11-h3977,2,9,11,2,play,Ab3,Ab3,56,3,"[3, 7]",ALTO,1,-1,visually_checked,0.26403508771929823,0.7804747932782076
p09-s11-h3975,2,9,11,2,play,A3,A3,57,2,"[2, 6]",ALTO,1,0,visually_checked,0.30736842105263157,0.7802080554814618
p09-s11-h3895,2,9,11,3,play,G3,G3,55,4,[4],ALTO,1,,visually_checked,0.35964912280701755,0.7836756468391571
p09-s11-h3907,2,9,11,3,play,F3,F3,53,1,"[1, 6]",ALTO,1,0,visually_checked,0.4024561403508772,0.7863430248066151
p09-s11-h3879,2,9,11,4,play,Ab3,Ab3,56,3,"[3, 7]",ALTO,1,-1,visually_checked,0.4557894736842105,0.7802080554814618
p09-s11-h3883,2,9,11,4,play,A3,A3,57,2,"[2, 6]",ALTO,1,0,visually_checked,0.49842105263157893,0.779941317684716
p09-s11-h3954,2,9,11,5,play,B3,H3,59,4,"[4, 7]",ALTO,1,0,visually_checked,0.5512280701754386,0.7772739397172579
p09-s11-h3952,2,9,11,5,play,Bb3,Bb3,58,1,"[1, 5]",ALTO,1,-1,visually_checked,0.5940350877192982,0.7770072019205121
p09-s11-h3839,2,9,11,6,play,C4,C4,60,3,"[3, 6]",ALTO,1,,visually_checked,0.6456140350877193,0.7735396105628167
p09-s11-h3843,2,9,11,6,play,C4,C4,60,3,"[3, 6]",ALTO,1,,visually_checked,0.6824561403508772,0.7738063483595625
p09-s11-h3863,2,9,11,7,play,Bb3,Bb3,58,1,"[1, 5]",ALTO,1,-1,visually_checked,0.7787719298245614,0.7767404641237663
p09-s11-h3847,2,9,11,8,play,C4,C4,60,3,"[3, 6]",ALTO,1,,visually_checked,0.8224561403508772,0.7738063483595625
p09-s11-h3851,2,9,11,8,play,C4,C4,60,3,"[3, 6]",ALTO,1,,visually_checked,0.8592982456140351,0.7738063483595625
p09-s11-manual-292,2,9,11,,play,F3,F3,53,1,"[1, 6]",ALTO,1,,visually_checked,0.2134502923976608,0.7863383176690254
p09-s11-manual-996,2,9,11,,play,B3,H3,59,4,"[4, 7]",ALTO,1,,visually_checked,0.7280701754385965,0.7772700171025999
p09-s12-h4027,2,9,12,1,play,G3,G3,55,4,[4],ALTO,1,,visually_checked,0.16842105263157894,0.8522272606028274
p09-s12-h4049,2,9,12,1,play,F#3,F#3,54,5,[5],ALTO,1,1,visually_checked,0.20666666666666667,0.8548946385702854
p09-s12-h4055,2,9,12,2,play,F3,F3,53,1,"[1, 6]",ALTO,1,0,visually_checked,0.2563157894736842,0.8543611629767938
p09-s12-h4079,2,9,12,2,play,E3,E3,52,2,"[2, 7]",ALTO,1,,visually_checked,0.28982456140350876,0.858095492131235
p09-s12-h4083,2,9,12,3,play,Eb3,Eb3,51,3,[3],ALTO,1,-1,visually_checked,0.33,0.8578287543344892
p09-s12-h4089,2,9,12,3,play,E3,E3,52,2,"[2, 7]",ALTO,1,0,visually_checked,0.3649122807017544,0.8575620165377434
p09-s12-h4065,2,9,12,4,play,F3,F3,53,1,"[1, 6]",ALTO,1,0,visually_checked,0.4112280701754386,0.854094425180048
p09-s12-h4073,2,9,12,4,play,F#3,F#3,54,5,[5],ALTO,1,1,visually_checked,0.4519298245614035,0.8538276873833022
p09-s12-h4043,2,9,12,5,play,G3,G3,55,4,[4],ALTO,1,,visually_checked,0.49122807017543857,0.8508935716190984
p09-s12-h4011,2,9,12,5,play,B3,H3,59,4,"[4, 7]",ALTO,1,,visually_checked,0.5207017543859649,0.8447586022939451
p09-s12-h3999,2,9,12,6,play,D4,D4,62,1,"[1, 4, 7]",ALTO,1,,visually_checked,0.5645614035087719,0.8383568951720459
p09-s12-h4091,2,9,12,7,play,D4,D4,62,1,"[1, 4, 7]",ALTO,1,,visually_checked,0.6414035087719299,0.8380901573753001
p09-s12-h4015,2,9,12,7,play,B3,H3,59,4,"[4, 7]",ALTO,1,,visually_checked,0.6712280701754386,0.8442251267004535
p09-s12-h4003,2,9,12,7,play,D4,D4,62,1,"[1, 4, 7]",ALTO,1,,visually_checked,0.696140350877193,0.8380901573753001
p09-s12-h3995,2,9,12,8,play,E4,E4,64,2,"[2, 5, 7]",ALTO,1,,visually_checked,0.7428070175438597,0.8338223526273673
p09-s12-h4105,2,9,12,8,play,B3,H3,59,4,"[4, 7]",ALTO,1,,visually_checked,0.7708771929824562,0.8431581755134703
p09-s12-h4019,2,9,12,9,play,B3,H3,59,4,"[4, 7]",ALTO,1,,visually_checked,0.8198245614035088,0.8431581755134703
p09-s12-manual-823,2,9,12,,play,D4,D4,62,1,"[1, 4, 7]",ALTO,1,,visually_checked,0.6016081871345029,0.8385898984827327
p09-s13-h4191,2,9,13,1,play,B3,H3,59,4,"[4, 7]",ALTO,1,,visually_checked,0.16982456140350877,0.9087756735129368
p09-s13-h4140,2,9,13,3,play,B3,H3,59,4,"[4, 7]",ALTO,1,,visually_checked,0.34210526315789475,0.9077087223259536
p09-s13-h4144,2,9,13,4,play,B3,H3,59,4,"[4, 7]",ALTO,1,,visually_checked,0.4249122807017544,0.9077087223259536
p09-s13-h4201,2,9,13,4,play,B3,H3,59,4,"[4, 7]",ALTO,1,,visually_checked,0.4543859649122807,0.9074419845292078
p09-s13-h4193,2,9,13,4,play,B3,H3,59,4,"[4, 7]",ALTO,1,,visually_checked,0.4919298245614035,0.9074419845292078
p09-s13-h4199,2,9,13,5,play,B3,H3,59,4,"[4, 7]",ALTO,1,,visually_checked,0.5228070175438596,0.907175246732462
p09-s13-h4148,2,9,13,6,play,B3,H3,59,4,"[4, 7]",ALTO,1,,visually_checked,0.6371929824561403,0.9066417711389704
p09-s13-h4150,2,9,13,7,play,B3,H3,59,4,"[4, 7]",ALTO,1,,visually_checked,0.7024561403508772,0.905841557748733
p09-s13-h4195,2,9,13,8,play,B3,H3,59,4,"[4, 7]",ALTO,1,,visually_checked,0.7526315789473684,0.9053080821552414
p09-s13-manual-353,2,9,13,,play,B3,H3,59,4,"[4, 7]",ALTO,1,,visually_checked,0.2580409356725146,0.9070008865109127
p09-s13-manual-782,2,9,13,,play,B3,H3,59,4,"[4, 7]",ALTO,1,,visually_checked,0.5716374269005848,0.9070008865109127
p09-s13-manual-1094,2,9,13,,play,B3,H3,59,4,"[4, 7]",ALTO,1,,visually_checked,0.7997076023391813,0.9070008865109127
